,490,1048,1169,1288,1087,1172,118,103,836,1370,805,363,785,325,1213,636,1049,508,247,226,1326,26,552,1186,617,568,1310,1208,706,406,879,1321,1157,367,783,253,231,362,846,435,855,25,72,901,52,726,1063,323,913,478,358,678,574,593,1362,346,1270,130,1006,131,709,305,1332,146,135,680,4,357,751,123,794,716,1354,524,178,366,1276,810,11,634,1158,582,356,589,886,561,533,383,520,1245,1024,664,330,1223,133,866,780,1403,677,860
0,5vGXVYudNgm9E7jhXMM0Ro,7gjAu1qr5C2grXeQFFOGeh,7i7EQonx0GrqoKiNQL4gFO,0zNTRuF4PDWOt7IGHpGyNc,0GxSAKOw8AV0JsEQ0HYY4b,3qUMmh5biaB5hqpF4LqS3m,27eEve8Mu7Zv8DGDIz4peE,4ehtJnVumNf6xzSCDk8aLB,1KeJhR0ENFviw187pD4LPT,2DctCFD8X80VeY7WLC86PS,2UZMlIwnkgAEDBsw1Rejkn,64aJYyrXljOodnUG6jvhRD,1Li0eIWeMeWcOOWpImcG9H,,4mZ4qW2RrJS1nmHvltMvJ2,3FLS6y4AR3126l4D06V0ZD,0jgAONnsHxrwAlhkMUVS78,6bebPrkEPr2xEkiHP3QkNT,2a0uxJgbvvIRI4GX8pYfcr,3gIRvgZssIb9aiirIg0nI3,01nVIuD8YZsnFH6x6Cc9rX,69GGBxA162lTqCwzJG5jLp,1E4r4z7ivGUcSAnCbINJ9v,7bvcQXJHkFiN1ppIN3q4fi,7jDSMakHqXFe8kIaXfz8jD,11wOrJLuakmQqTuhXXW2xz,3PUzVXdNnsJGPDTIU7xvqu,62QZPjYQMoo5g56FP9Webq,6vXTefBL93Dj5IqAWq6OTv,0n94vC3S9c3mb2HyNAOcjg,6ZozSO8b8pE2BDedOvBKzr,1Goe2NezNnym45kco2xTk6,7bvcQXJHkFiN1ppIN3q4fi,77IW5ZK1smDQYYKDCQugXh,2y9j8qUwBMGPYPQJJxmYzD,4N5fp4zhTsVITZTVfsXpc2,0LALueHEQunQ2d61fXGeZh,5vGXVYudNgm9E7jhXMM0Ro,3UXq4fckDmcPmleixlrl6i,1QOmebWGB6FdFtW7Bo3F0W,39PhMWg1aAuuZcph0OXGu6,3FUY2gzHeIiaesXtOAdB7A,1gR0gsQYfi6joyO1dlp76N,6ASsF4ZKpJlpeRF7HarDfe,6KZDXtSj0SzGOV705nNeh3,2qMezKrAKRh2Z2uR3fCqHt,6fLrPFLWLSCrp7gcTZXcKb,,57kIMCLPgkzQlXjblX7XXP,5OReTeTBZ578sj07hDS0x7,4qobOrZpdUri80gScwsHfs,7i1CyQ1fogh4bkj3EPj3ls,12Zk1DFhCbHY6v3xep2ZjI,6bebPrkEPr2xEkiHP3QkNT,2OULCPo7k0vPKlEZimhaVc,2B4ZHz4QDWJTXPFPgO5peE,2YFBOR9KIxC6WqHclkj9Yq,5ChF3i92IPZHduM7jN3dpg,0t3QQl52F463sxGXb1ckhB,1U1el3k54VvEUzo3ybLPlM,5tth2a3v0sWwV1C7bApBdX,20s0P9QLxGqKuCsGwFsp7w,2QM5S4yO6xHgnNvF0nbZZq,5fywYLnKJi950Y5yMqavxm,0XATRDCYuuGhk0oE7C0o5G,5GnnSrwNCGyfAU4zuIytiS,1i8SpTcr7yvPOmcqrbnVXY,68VUmnZEzmzZdd1zPtnbZZ,40ttEBZPhAHbXH6aUg4GkL,7pyhre5oEEFMqcgMEvJY7q,4tujQJicOnuZRLiBFdp3Ou,4BThBqcTzRGFRvbddMykk7,5Il8YjuVAWkWNH2xgjFMpF,3k6iFShl4S3uheW88bErVw,1elUiq4X7pxej6FRlrEzjM,6HQ6vf4AloXyVNdyJhrX1J,4TuGR5xkIry198WmY7hax2,4vRSocKbGh7PsQrYRDVMEF,2rhFzFmezpnW82MNqEKVry,7w79n5kCkTEaewxNBynvhM,5jYPpt8OQR5IRc2w4RFEJj,7MbSdIkdgkwmVxObpCg87e,5OrB6Jhhrl9y2PK0pSV4VP,0zOcE3mg9nS6l3yxt1Y0bK,1Eie0tY91rpi7Y0jtIOXzI,6PEMFpe3PTOksdV4ZXUpbE,4C29ETLBPmYKYwtJUepbJz,1LRpAVWq5z6VZMG3tTdZKU,20pbz4TbpkBUr5JwYfGgPS,6twIAGnYuIT1pncMAsXnEm,2AEEnr6Le5zHzBwpnlZSmq,6dJeKm76NjfXBNTpHmOhfO,5DYAABs8rkY9VhwtENoQCz,4pmNqFu71wEmFXSsYAiWK8,4o4tLTIJ3eWMFerz73atcT,6AZfDB8isLU2sHkSm3sRhX,49FeZO3eSrJs7oH7lYLU1r,1o4OYTXLA2ugfRiHKVE8mh,3P9HA4lYhoPQKlUsF9jUWe,4vRSocKbGh7PsQrYRDVMEF
1,2o8lOQRjzsSC8UdbNN88HN,0Z5pcmXDCKTrFWLnDChC37,4zf0kIjnzqjWlI3Eaw5VlA,7uriYlc9ETgOg8VPFbdnbE,2bvaL0chaHzVdKXjULRLeK,5QGnprJtpZmk3OiDqspPlB,7xSP5ABX7IOegINeUtUVay,7f5Zgnp2spUuuzKplmRkt7,6OwOuTjrLVrlMH1nxxIjbT,18HVMQsV3tINaTyzT5UIjH,3lPQ2Fk5JOwGWAF3ORFCqH,6kq4GHwUcUojGIu0ziSNXf,2Z7UcsdweVlRbAk5wH5fsf,,49Z1AvGeUaBSanPaOmplK6,3K8EYZ4Ltg6ythgGZzrFXf,6Sb8EHpZvyjSTT5KD9DjUZ,7mPT6wrOjVC4visft9qpYQ,7FqkRutc4zWMrnEAUv3Xwd,6dn6x1XOng3LOAnfTjUn77,7mrvU3OShTgthJV80o2day,6lB8vOoI4DRrrVxXwuV19c,49qiE8dj4JuNdpYGRPdKbF,6AVLthptCPhfrxlHadOBJD,48Fq6GV3S6on56TxSBu5NO,2cy1zPcrFcXAJTP0APWewL,2WvLeseDGPX1slhmxI59G3,33zLgL7tT1vg7eRpWYX5uI,0Jzbm3ifxDNLxxS8M4BS51,5sXaGoRLSpd7VeyZrLkKwt,7qXzy6c5RWT0XlVQcOBIDG,0Dy94lW3txJhWQHqNXP1BT,73ZPfpfg1LBVvDEArK4l5B,5vmwWgrlwCfHm1P0vdDFbU,6dn6x1XOng3LOAnfTjUn77,2mUI4K6csTQd3jieswcmiI,1mux8L6xg2Cmrc7k0wQczl,6YxrfNCKBcQlbITpmDLErL,6DR6ugRdVaVi7lyqooqJov,2FS22haX3FYbyOsUAkuYqZ,2J80qXI4NHKpq5RT3xUF7V,0zOcE3mg9nS6l3yxt1Y0bK,0UF7XLthtbSF2Eur7559oV,6Sw43ZkxX0u3t4cjxlzbzs,5OrB6Jhhrl9y2PK0pSV4VP,08ao8gzTHBtNf5Laf9jjwR,04XggbrM51GcFPTxBYtRXT,,4G0XDEk7RbA4BBCTs917U9,7keGfmQR4X5w0two1xKZ7d,5EUdiv20t58GCS09VMKk7M,20wkVLutqVOYrc0kxFs7rA,6I3MElirhT5t6Kf7p0hGk9,2fAaFNSG0aQucjQigOtHZF,1ONnyhQBTnkvg4QmI97hJg,6NyJIFHAePjHR1pFxwisqz,4vRSocKbGh7PsQrYRDVMEF,4D75GcNG95ebPtNvoNVXhz,1Fr6agZ6iSM5Ynn2k4C8sc,0cGUm45nv7Z6M6qdXYQGTX,4d3yvTptO48nOYTPBcPFZC,7Aq8lpLMSt1Zxu56pe9bmp,3Lz3vEN23Fw0hIelrYEzUD,2nJYGgfTf2846LtVB3AES8,2AfmfGFbe0A0WsTYm0SDTx,0XL6ie7a0NY5FM05b9Rn5L,2R21vXR83lH98kGeO99Y66,0WvTK38rXqPCD5pZMDuX20,0oJM3iJjMdzgsd4z5VHQvw,25uiPmTg16RbhZWAqwLBy5,5Qi4Bb7a8C0a00NZcA77L0,7ecUintnJKHsDyZT1qOPYZ,75fIuwXxhZ1atNzWLMrgF0,6yTgJdVUFdBwtb4J8RJ7d7,1oSgjdbgLYULVmEBojPRw8,67ghKnycRX6VM1xfqJSMlH,12VIfmT1N5FGyCuuXGKuYB,2S9W9aSAd7e5mp8WqWxN2h,5IbEL2xjRtKsunfmsahLuO,1SykQGBiBwkQ1fcGpJ1BJt,6nHDuiu6PIpfWt6DswQHvL,4OSArit7O2Jaj4mgf3YN7A,7jFaoqWPhYLrKzjzlpXmUO,2sil8z5kiy4r76CRTXxBCA,4m6VmvHDXWmVdIw6EJGQ86,07d5etnpjriczFBB8pxmRe,0Hkx0YcHHxDRRbH9WsSW0I,12xme1fwd3iGEW7rF9b6tp,6dbdXbyAWk2qx8Qttw0knR,6YHEMoNPbcheiWS2haGzkn,2cBh5lVMg222FFuRU7EfDE,1dIdBZaaHRW2bDTkHNfWln,39x8gyJjTHiBQklFgVJSV4,7B4hKK0S9QYnaoqa9OuwgX,6ueGR6SWhUJfvEhqkvMsVs,5oWFxbBrbk2Mw86PLUg3OZ,6zDBeei6hHRiZdAJ6zoTCo,7DbXdVqrretuCKPkTeX8Kk,6TJCdEjDW0rQAt5Mjfliiz,2ddxtfC0oS8LoktXUHE7YL
2,5i4BaWy8YIun1u3RXwmlWn,4FTDSkWpchgZy2axPEGDJW,3TVifQ5FPcIzzcYSUuJkp9,3OIgKH8RzR8arwa82yt1hw,4L7TL4CnvDR3iZQuVy6ESm,4X8QFzZ1HqwPfwDfyjtwXC,6GTwMrB4u3hwcUyc9sU1UL,20gsENnposVs2I4rQ5kvrf,0s9MrSopEoAn8JqwBipgdO,3kf0gOpxWtkyeMNJVDQPtd,2xLqrYZxa9GYSCVn0STgxV,1fux65HMCBvfJHqlBc4Nno,6RNuLHIAlLt1FQHm03oEru,,53KTldaJ8tHSkYU3nigfwP,5aDKJuLDczfmHfRSOmHCJk,5iB5AWIa7qreioi0AF3Bxa,7kKKMBmEtyQcPb9idicNr7,0wY1K9SgxbaRfoFRmSR5x5,7Il2FrLyoQt0JlyhJRDL1c,48elQHSJ3DmffHQpf89jxX,7DMveApC7UnC2NPfPvlHSU,6gZq1Q6bdOxsUPUG1TaFbF,6jlWj6y00bMQt8XoKuCjyZ,6XFQvBHGEr3mRfOHcqPXv8,5luyt0SUvGkDMY4ILP6Qhl,4WLGcWrkSExCqILxDk7ol6,5J0dXmqEYctfFsmcakqZFH,5gCRApTajqwbnHHPbr2Fpi,0syIRg9MPSpJIC0QCPUaHB,2UFKXTZgKtOTHSqMSyAcLO,24icoQNJSEWNu3XvqKBR68,2hWr3AjjKOCVmWcwvuT4uM,4LcUpNlXFEleaLlelmkv2R,7LImGq5KnzQobZciDJpeJb,3nlpTZci9O5W8RsNoNH559,5sUrlPAHlS9NEirDB8SEbF,7naAJDAh7AZnf18YYfQruM,0DNuWm5ZBKuCIXLNmrzuk5,1bZNv4q3OxYq7mmnLha7Tu,0DRf6JJDQnRnz0Yp209CmH,6T5tfhQCknKG4UnH90qGnz,0iui2Be5CP8EWxvHYsVspL,7ntlRmHlTFId8K07kOsxTY,6vXTefBL93Dj5IqAWq6OTv,3TqfPVt0HX8GCzNOOjDcum,6gAtOqhriLzOzb3Qqmg5kO,,2HcZuUtnktqMHm4H1R9gAR,721T2PETMLaAkijbYu05VD,1O10apSOoAPjOu6UhUNmeI,30DhU7BDmF4PH0JVhu8ZRg,2IDLDx25HU1nQMKde4n61a,6AsX53NZ0rVrVnlKLy1KvR,5DW7NxqQ2875JtjuV7KMn4,3NgwMzys77S7sgfh2W5k0V,5QjWgYDeKNP2iPHTdTttnG,3XINWZaloea97SIRiyTJxX,2AmfMGi3WZMxqFDHissIAe,6hfwwpXqZPRC9CsKI7qtv1,0urTpYCsixqZwgNTkPJOJ4,2iojnBLj0qIMiKPvVhLnsH,2CQZr2RPZmrcvDnaod1ldC,7z2avKuuiMAT4XZJFv8Rvh,7n2Ycct7Beij7Dj7meI4X0,3eDT9fwXKuHWFvgZaaYC5v,5hdhHgpxyniooUiQVaPxQ0,0zPILh9oEH0fDagpkHTQQ8,7h2Y48bG543JDzEed383cx,0X2BH1fck6amBIoJhDVmmJ,3zNM2tRfTX6LI1lN2PlrTt,5LMxea3ecvm9iyYeRepGO1,2ifvIECHAlEgPMBuBOJ0lG,7LuvQlyXxSQI8h6V9doNQN,7MiDcPa6UiV3In7lIM71IN,4bL2B6hmLlMWnUEZnorEtG,3PvEhkL4pgu9glR6yOlYKK,5wugb0kaq0J6nyQ5Xgd17i,7d3WFRME3vBY2cgoP38RDo,4VgvR7eu3k2T20mo6mXhXF,2TGFJ7H3NWGIxmrrxdOozF,2sphpXGg1u97VSzbm5gR2P,5oNgAs7j5XcBMzWv3HAnHG,7FgMLbnZVrEnir95O0YujA,5PxCTrv3Y1xVACfngpt7D2,5XenQ7XfcvQdfIbpLEFaKQ,0bYQe0JDIjxkSHQoXlfngl,6u8KyY2rfBGDtDejRJ9JaQ,7rTPCNINGzMp3Hc8Xqht5Z,5bTTx0CRvZj1kRJwUsWWYo,2vJU4d2jRQb4zJJIQRkyDB,5wugb0kaq0J6nyQ5Xgd17i,4phGZZrJZRo4ElhRtViYdl,2B4ZHz4QDWJTXPFPgO5peE,4kYSro6naA4h99UJvo89HB,1dzmF65eL0d6le4eBY87uH,2S8UlyXW4JjjHcbeg8ddIo,0B9P7RXrukgIdmutz9XMVN,5rHpMbkeSr6YiNbizH0mBq,1vkJFCwstOoJO7yQ4lTtLK
3,50JJSqHUf2RQ9xsHs0KMHg,4EENT7N7rCBwrddM3s0vFS,05JkDGFMHqlIz0GPjLh2p3,5HjL8Wcg8TdKTABDci2mB7,3mXvO1rdMCgdOYNiWeduWG,7D51E97yRZ8Su45PW9zbzP,71k6SmcYKiIPq8M2RxK2Jr,7keGfmQR4X5w0two1xKZ7d,567CChDKZrtF4rnk2r5JeP,6AMa1VFQ7qCi61tCRtVWXe,2hO4YtXUFJiUYS2uYFvHNK,2QUvtLq6oQaX0LNsYY2fas,5G1qgnKxOcNoFvJtQMvl87,,4gOoiVWzfjPtXK3ohuEy0M,12OSqKGORygb2C6H36qKuj,6OheJTrDFGiyZ67F1BBLhc,7wjeXCtRND2ZdKfMJFu6JC,3rbtPd0NcvhO2AzMfzx90z,2y9j8qUwBMGPYPQJJxmYzD,5XI6qfoZSiEYtmItjfEX1Q,6t1gpxYbY8OlLA7D2RiikQ,7fWgqc4HJi3pcHhK8hKg2p,4ylR3zwA0zaapAu94fktwa,2v0ICLnNjBtkZYN22RrSHG,37G8DfNgO4mQ3PKh5droSo,41VxAgbLRHo2ZYZEq5P1mD,68QvqbdqwqqjW39YpUJHdG,6Uh8uJyN9g7oFjDK16nJgb,4qKpLkR911SUlnd4HAtF79,224CDJhbm230iSo9ZomTWe,29Dil4ZXNOwBukXdVL1EwB,29WzbAQtDnBJF09es0uddn,5m5Fh8zrb0uHM85qwkIkVT,5xkAtLTf309LAGZTbvULBn,27vNK840zYq6IfDijHPsv1,3W4lVkySjtIvd67UUg0F3i,7xEFii6utZmQ61kX59HmLH,00SOiqZ0YGY2JhjSPxZMZg,3tAICgiSR5PfYY4B8qsoAU,5ChF3i92IPZHduM7jN3dpg,3AQRLZ9PuTAozP28Skbq8V,1GhPHrq36VKCY3ucVaZCfo,7IRnDitYnXmIpoClQ0XspK,6z1cicLMt9XArxN10q7m8a,477D3WI5iTnEmCOe7QFU5G,4dYQmk5ma04mZ1KJ9KkAQK,,2Lhs0asnFQiLuntn3s8p78,5zSWGyWE5d0PYaYrtdVwOz,4ly0VtIYiDYVA4q6ry0NUk,6hfwwpXqZPRC9CsKI7qtv1,5BhFZpE8kUGZJiKOsYjLQM,4wngxtsP87ozrQh05D90dO,2CLtDhw1uJe59E3P56JN6T,51FyBBOW464toW099BsW8z,40xbWSB4JPdOkRyuTDy1oP,6hyMWrxGBsOx6sWcVj1DqP,2MuFzH1J5I6gGFYo2qhZmX,0AsThoR4KZSVktALiNcQwW,1wvlC6NwleHt1iRD6d5X2C,7r8RF1tN2A4CiGEplkp1oP,48eO052eSDcn8aTxiv6QaG,0B3N0ZINFWvizfa8bKiz4v,7bmYpVgQub656uNTu6qGNQ,4W91bbPB2CTSsHwt7eqNl7,0qTZZWLzuD59Un5r1speHm,61qMnYXa1GxSBoV3IiYKjZ,7qlh1IM1XMeQXA9ukp59au,0bdfiayQAKewqEvaU6rXCv,2B4ZHz4QDWJTXPFPgO5peE,0YFOK5sYNqbCJEgD0xOti9,109FvbnDVNag1UcJDVpFlr,0Cu32uCaqDJYQADOev92Et,0NsJZ5PMjqghGDuMzY7CuT,041iTeoMIwXMlShuQPIVKo,39Waq6UmqYCBEuyv8M8kjl,4m4SfDVbF5wxrwEjDKgi4k,6Xgp2XMz1fhVYe7i6yNAax,6nVcjUJemqpJjc1WevwTvL,0gfiFtV86kFIByUOLejwin,3CGuwWgoCYSO5Z72H5G2Ec,4pr7J7wzgObkE3DD3Izi7q,3aBkeBhwadnWMWoVJ2CxJC,7q7IUe2AqtifSZ2q52kHFc,4596e2d3KmYzAeVenjCxfj,4G8DaRnN7oPFkEJXwX2i94,5Yo5iU2nf4H41waPl4ZnS1,2kIs76sEGiulKeqetZq6ua,5IDs1CK15HegSAhGEbSYXo,5orH1OWgjAYUX8sZ5gihTv,4vRSocKbGh7PsQrYRDVMEF,0QrowybipCKUDnq5y10PD2,5spEJXLwD1sKUdC2bnOHPg,2cWZOOzeOm4WmBJRnD5R7I,4h9FRbQ7cXJd05ZsPDUa8Y,3SRJWVa6lZnqRHOyAHmDrX,63yl9nDNrHpiAYGlNJxxjc,2ngqIbDud3EeLNAdrZCWyN,5wugb0kaq0J6nyQ5Xgd17i
4,7naAJDAh7AZnf18YYfQruM,5VsOThWOagH8C8gCvIy13k,0Ob8qRZ9R1jhibRue9ap1H,65nZq8l5VZRG4X445F5kmN,1Yq9Q4bPuxh1N4wtIEXyII,2JfVCMa3FlvQRlLT5uH9zb,7wrulS1dfanckBnoxxEuS6,6lB8vOoI4DRrrVxXwuV19c,6vwJ3e6KaQAhLEpBPxCMBC,3kortApcf0ntRWexUkJE4H,5bDxAyJiTYBat1YnFJhvEK,3RtNN1VnooWEn3KQk03DUL,4fSPtBgFPZzygkY6MehwQ7,,5vLOlJcOKe9DfBC5LeLpSs,76IqDKTydgWzyIuNpUD3Jg,69Fk1s1lzINOKqoSWjjEiE,5KBbs98MK59UNMF1VTwMmz,6M6XXCcO5gI68XpIlrUL3Z,05TvjXcgQveeF7wh2DBHvp,6CsOL9C9iLL0eWKINlDxzQ,2ZRQcIgzPCVaT9XKhXZIzh,2Pfv2w8a20xzC7Dr7QXRqM,0uPJNqmDRzjZJZXXG6HDtt,3SxrBNpBsKhqOA4WX7HSV5,23cijmutocNvhM5xkcyyFF,2wnJCxpnKAagrdBJAvaDrQ,2OIWxN9xUhgUHkeUCWCaNs,6NyJIFHAePjHR1pFxwisqz,79hrYiudVcFyyxyJW0ipTy,21aa4pj9BvbFB2iT8kRpnq,49HlOY4gkHqsYG9GCuhkcc,5sennRot4Ls82wfspEQuf2,06eTdzI1FA6c2cPQAeVHY2,5IH6FPUwQTxPSXurCrcIov,1c22GXH30ijlOfXhfLz9Df,53KTldaJ8tHSkYU3nigfwP,2l35CQqtYRh3d8ZIiBep4v,3uPWecBPNXAChysw1uOJwI,5VQCk9RiLwri99OgOT34kq,6d7AYr4nvqHPhfPaDLLeRU,5p7f24Rk5HkUZsaS3BLG5F,0AkpPlFLnr0VQwZQeMGht0,0FbccBQBb69lfv4arbt6kX,31HjiqargV4NAw4GZqUale,0wwDZj4zgZORjTGhTujAKx,75dQReiBOHN37fQgWQrIAJ,,0qt6QSruHshcWT9QOzyfZp,3EDo5M4D2IAhisy3TDpkWg,6nS5roXSAGhTGr34W6n7Et,7tYKF4w9nC0nq9CsPZTHyP,7Hjbimq43OgxaBRpFXic4x,5KBbs98MK59UNMF1VTwMmz,1BTmMBPzv3zEO3f6ilFoct,5Jz9kKRnCRLTodCH58MyB4,3AuMNF8rQAKOzjYppFNAoB,4j5KBTO4tk7up54ZirNGvK,5r5Va4lVQ1zjEfbJSrmCsS,1CoZyIx7UvdxT5c8UkMzHd,6lHL3ubAMgSasKjNqKb8HF,6XwcepfAsPhrvwziGxhwju,13rF01aOogvnkuQXOlgTW8,2jHp7gQArCQrlMvdrIVFCg,4gOc8TsQed9eqnqJct2c5v,2L16nDKTxhFGaDriR2AHTB,2wkoKEfS6dXwThbyTnZWFU,2Wpsydr0xZekaBFNQ0OSKd,4ly0VtIYiDYVA4q6ry0NUk,6oBm8HB0yfrIc9IHbxs6in,7B4hKK0S9QYnaoqa9OuwgX,3X2bWmlO8Oq7dIeEgAbTAB,02qXVbvAMyWhdHb2GfUcXM,4uSN8Y3kgFNVULUWsZEAVW,1oOTUMbydEi6ogss5Klsom,3t5xRXzsuZmMDkQzgOX35S,09AdawDC7B5zcphs18nRB7,2ddxtfC0oS8LoktXUHE7YL,6icQOAFXDZKsumw3YXyusw,0SnyKkoyBaB2fG8IJH4xmU,1hMzMy5THp7jWnMRC0rU36,4blt4zG5qMjWCPymNjDNP5,35sCXuy5gN6Or69rZ9vqBs,6Hizgjo92FnMp8wGaRUNTn,3wjsrpfO6odEphTZWx45RQ,1EpyA68dKpjf7jXmQL88Hy,5YCc6xS5Gpj3EkaYGdjyNK,0lFLP59V4TY3XgnrkFIwxK,5CtPAGoxpJ4yLJLx6CSrO8,49iKbKGqgn8OESkW5WduX0,12EtLdLfJ41vUOoVzPZIUy,2S9W9aSAd7e5mp8WqWxN2h,2NQEwAVHBNcI0tGMLlWwF1,3zNM2tRfTX6LI1lN2PlrTt,0AsThoR4KZSVktALiNcQwW,1G7TGDJ01So6i6XNirnVS7,6nzxy2wXs6tLgzEtqOkEi2,19slOlozrbxkEIMD8L3Qsv,5eM988kictwqIzMU1Y72tF,1dIdBZaaHRW2bDTkHNfWln
5,6dC0rIJNLSFZwqckLgXJ8p,6dgwEwnK0YtDfS9XhRwBTG,6iuybPv0Mii8x21mztjaUN,1HY3qhAqbGC5jM7lfbSqft,5HHdJNyLkf5ZmTcxId47jT,32LHRiof0sa4taYew9i3Fa,028xhPwqtWva4J0MkFHY2x,5iNrZmtVMtYev5M9yoWpEq,77zgRkcehIGCAtROXkXkb3,6Uh8uJyN9g7oFjDK16nJgb,5dbuFbrHa1SJlQhQX9OUJ2,1fctva4kpRbg2k3v7kwRuS,51Eq6WMVEOjjx9KQMAnneG,,1IKP8dm7pmlkZS4V4MzKkI,1NPnXlXdEfr5ZxhEDsFevM,4Ti0EKl2PVEms2NRMVGqNe,7lMgpN1tEBQKpRoUMKB8iw,4Xi6LSfFqv26XgP9NKN26U,1iH2Yx2Ea0kZ0zKI3Nlk30,3BeQqzKdlARoOd6y30kCO2,4ehtJnVumNf6xzSCDk8aLB,4PoYwGOztIrPpBfRIlMSxP,5sennRot4Ls82wfspEQuf2,1yIifIA91WgmfzBcjbQB8i,24HEuBZ2Iqcq7To1Vgi8qm,1yjuFciXmV3NaPCzwwHclC,6xSTQT32ZxLQPe37QIC308,7L9FJv1pUAPpHrbvOtiY55,7EGwUS3c5dXduO4sMyLWC5,0bmxU94V20pNJ2Vie9kFYv,5X0dCi2aVnYEV27S8wgQdF,1BMb6sQJVkmUyCuodmRs2g,3jBNLmJDEBWEoidTT7l1Jn,1o2NpYGqHiCq7FoiYdyd1x,7wOZy3KdFVVINgNFFxkxwO,3smfreCkyJt7bShaTYpG77,1ShZZUjkbXCjhwrb18BA8I,5NrnFpBCv4Z43MgMVXfrrY,25THA9HUHoxpCT4LBp7UsZ,3XINWZaloea97SIRiyTJxX,4Rxn7Im3LGfyRkY2FlHhWi,2fBURuq7FrlH6z5F92mpOl,0F1DvSOKRaSA6XKSwDNs40,0c173mlxpT3dSFRgMO8XPh,2Z9KL8Zmqx5Sg3cd7Fldhl,4GmataFSHOSQWxuuUX57Bh,,3uQ5cxFHxXddqPL58egs1z,4S8NmgM7oJ188sKp1waZpy,4bazJLWIv8CuqmgxJRiGqo,0AsThoR4KZSVktALiNcQwW,5XenQ7XfcvQdfIbpLEFaKQ,4hHzZPvlU4rRbYnkXddpid,43MnKJFpiqBVhI0jnOjZj4,3USpNaxpX1iNqNnQWqg9ob,63wjoROpeh5f11Qm93UiJ1,4CuipEvwcoQggmCV8jpKF9,7ixzNQXQ64I2ayrtyhlF7i,7tYKF4w9nC0nq9CsPZTHyP,08rMCq2ek1YjdDBsCPVH2s,1vfezMIyCr4XUdYRaKIKi3,3paGCCtX1Xr4Gx53mSeZuQ,4T2k9bgIoC8bbqjqiEl9vZ,52zMTJCKluDlFwMQWmccY7,3tHD07u1ON4uHxmnT9rwqZ,790FomKkXshlbRYZFtlgla,57SA5Qv24Vydwd6bJnV8fI,6Vh6UDWfu9PUSXSzAaB3CW,1o2NpYGqHiCq7FoiYdyd1x,2XnnxQzxFZG8qEPjakokPM,0gQVc6ZiCAzLXqyISPi0qT,3EAHF3jdnHHdko5DBrhRUP,6Av6GMCOznZIlHuNcBWgf4,61rqgwKmF0QwycnC8O82rn,7GZJ2POiwPZoW7UVYjNj8i,3uFum0NCM1PtmCO0MwsOAt,4hqDqHtBlgxXpLXVYf7c8L,33r8rPgsHXfVN1r3adlrWw,059ysTnWcrm4yFwTr0NDjc,7iZ5x5fwRwROoX3iRWpVgN,7ASucWaI33cepJbo74Hlo0,07VmOvmuBp9G0gb8BTrpn0,3Ngh2zDBRPEriyxQDAMKd1,55VbVrjmAWcvCknVFfPzvK,1FvjvACFvko2Z91IvDljrx,15RLdM61VHtknTIYIuNviR,0Yb66lSgYL9MFYw6jUHCVD,6ytOHdKh4xt4YvF7tz8Zcv,695W5F2Ih8dYahLdjVOIoH,60vX3zLcdKRXvKLITVh5Df,3BmGtnKgCSGYIUhmivXKWX,3LpLGlgRS1IKPPwElnpW35,3Mcii5XWf6E0lrY3Uky4cA,4fpTMHe34LC5t3h5ztK8qu,1ApjVMbU0ke2pvzKDCuz7Y,5z2cHsOmmmWcAPNG1oEhw0,4ny8n9yM1Eko9j7oe8ZFXS,6L6QXrf6jsmAcRNyOQRMhB,4hqDqHtBlgxXpLXVYf7c8L
6,3ApUX1o6oSz321MMECyIYd,6fXEqmGQEt6ONuqVmwrN46,7iZC2I6gz8gI0BLe2boBZR,6XEIJRLKPzL1KIzjcn3mln,3oYQrBzEQNpxnjWXP54B4n,5bWApG9Vdshhd1J50UnNf6,7wy9Plp8SD5l3LDuJubTcv,1IueXOQyABrMOprrzwQJWN,0lEssBAxQl2In4RpaB1C2Y,5pnbUBPifNnlusY8kTBivi,6QtGlUje9TIkLrgPZrESuk,00XhexlJEXQstHimpZN910,7vkiEK5D7Gf0z4M1Va0CXD,,282UIRNs6aprjrs0ynDn6v,5skauLarl8sqqUFypECtP4,3XnO697XIus1M0cMuxZjos,4IS4EyXNmiI2w5SRCjMtEF,0BKx4UjPvXVGY15u0xFbbi,2o8lOQRjzsSC8UdbNN88HN,1YypK4ExBm4UY1TRAOur8M,1HBjj22wzbscIZ9sEb5dyf,7JDSHlDdVTo7aZKdQZ53Vf,4hVcxmC7igpot32EzQf7IR,2HdP7fpDiLWAvElYGg75gd,4fCRFHEQgjqakvFgQCliMp,6tsRo8ErXzpHk3tQeH6GBW,04HqRx07Bv9gh7rsrMTqs7,7hJcb9fa4alzcOq3EaNPoG,6Qm9stX6XO1a4c7BXQDDgc,0e4DCuFquCsusyEJEvGiPA,1evO4fwLsEkkPGq32dCix7,0uPJNqmDRzjZJZXXG6HDtt,5zEUGwAdlfTQqKplCJJuua,0ZED1XzwlLHW4ZaG4lOT6m,4pv1Jo4PbYI8LMADJoTWjE,7FZj349hdLfD6qzXkJLuAh,1S9WGrK7SZfXXQtHBYzDle,4ORSNkNYSzva169PBZCzvy,3jO7X5KupvwmWTHGtHgcgo,5lXf3xjcLx6BmYMY6TvczJ,2NhdGz9EDv2FeUw6udu2g1,4sf3QZW8a3xZ14IGsOAzoy,5qgCrzMzASs1YpEMSp7tGt,17lzZA2AlOHwCwFALHttmp,1yIifIA91WgmfzBcjbQB8i,5WId4o5jdGVhptNU0uqKxu,,2k07pWgpJiFIbb9q1yJ36B,02A3cEvlLLCbIMVDrK2GHV,3FLUBwpAnaIlIKeaBfsxFe,7GN9PivdemQRKjDt4z5Zv8,4T8NIfZmVY6TJFqVzN6X49,7mPT6wrOjVC4visft9qpYQ,5r4KrJXWxLsbym4vjcRv1i,0b2XeWDPeBiLeskT6RFqMb,54kWB5z9SbenPFQXtBDUBK,5fahUm8t5c0GIdeTq0ZaG8,1nhSLEYdoBHG6cJ8NDwoF1,7jZMxhsB8djyIbYmoiJSTs,4PrinKSrmILmo0kERG0Ogn,7urq0VfqxEYEEiZUkebXT4,6wPBIyIIMxoqgux29bGF8I,0znpFLuaey34oJTE1jHSnT,1z4g3DjTBBZKhvAroFlhOM,4oVMLzAqW6qhRpZWt8fNw4,6nVcHLIgY5pE2YCl8ubca1,6bnlvICBjK7fuNSB1ohqS5,0T2sGLJKge2eaFmZJxX7sq,0wnYgCeP013HkKoOyC5V32,4EnEZVjo3w1cwcQYePccay,1UX0qzJZG1cNAUmC7OKPq1,71jzN72g8qWMCMkWC5p1Z0,74dMZMvy8P27oPqnprnvBb,1sDVuztNhGcetCLChkleDA,4gSsv9FQDyXx0GUkZYha7v,5a3wjp9dcWyJitaiwXIsC7,5i84V8Zk7YqCN6xxb7SWgw,1m7LSAMIB1BErIHYSOn32W,2MLiASzGQHVMyORIApRGsp,190Qcd935tzMS5RXjd5dUG,4SdIXLzfabqU61iK7SnKAU,23LbwefIODbyGdRbAz3urj,4NGiEU3Pkd8ASRyQR30jcA,5fywYLnKJi950Y5yMqavxm,0oBsnAC3fzYkTHF3bkfNx6,01m2XZ7m7rAz6KY3scTdaV,0HSc7yUdNSosxRb2UJnXlz,4yLgYK2B5nZjZMBiaLyLyK,5xWPOujQqd4wXyB08slZ9Z,6JMHws5haIO6V35YNYDnDw,4hqDqHtBlgxXpLXVYf7c8L,3GBPw9NK25X1Wt2OUvOwY3,4EnEZVjo3w1cwcQYePccay,181bsRPaVXVlUKXrxwZfHK,23HLcWjRazSe8ovW1liowP,77OlE8SkEHDkJczfswzDFo,1mjzdV49eU7CuhdWnJOWBd,7suqkCi5J0pW8bLEhGuGo9,6G9bygHlCyPgNGxK2l3YdE
7,00Z3UDoAQwzvGu13HoAM7J,04HvbIwBccFmRie5ATX4ft,5Nydhpz1rcPbgM0fYvLxhz,4QMgntJ821xE1UtdWtJWbd,3DgcBA7P0ji5co7Z1Gfp2Q,7rpf45DdbpweG51Acze45i,0yqCOSZ1i0c49UUbE8AzbQ,3t5xRXzsuZmMDkQzgOX35S,6DJEUXZm0e2rAohdoZ5Voo,7dDYME7Y3GoEQotd8gUvQg,3mY9Ii0cL5SQxpOTAm8SHx,1pf0MPKfKdvS8J779mS1Ay,0aLsJXIaJ6MMCZIzaGpMaX,,3vA0UcLmHZEoVavifm65mc,6ogXCiVOaz2afPmMNHph7Z,7d7q5Y1p2QWS4QRAhTQR5E,4OV6uYSnHxSYkjDYuBVBUz,4Dokdwa3WB7ilQ2c2qvIBL,1QRj3hoop9Mv5VvHQkwPEp,099tLNCZZvtjC7myKD0mFp,23fqKkggKUBHNkbKtXEls4,6B5c4sch27tWHAGdarpPaW,0un6YenPxWZ2VW4aFGMupM,4VuARVJiWGsH2msKTdsKdQ,15QmBDKjNXo007uqM3KnNb,1QYMj6ouUhi6yis1HE8M68,5abrQugiw9ysKSuemQW7K9,7r8RF1tN2A4CiGEplkp1oP,2sNHl4oXsU0DVTy9u1otGt,43Zi7TKiuRqCwBng7Mv2c0,6jlWj6y00bMQt8XoKuCjyZ,4iXrcntPCevDmneGb6mEJK,3D2GUXbtlL3r2d5HJEnsFD,2jHp7gQArCQrlMvdrIVFCg,4vOycwLXdkMMzpZW04VW5m,1GfaAWKfZE9hrYS8IqkWKB,2o8lOQRjzsSC8UdbNN88HN,7C2DSqaNkh0w77O5Jz1FKh,5R3NywPPOyhLfdvutgg0me,2jGvmFH6YE352p9LKmuB0y,4phGZZrJZRo4ElhRtViYdl,57dN52uHvrHOxijzpIgu3E,1LzVOPgsaVzyFmXDqIPOCT,137W8MRPWKqSmrBGDBFSop,1XKjtpH5P81gpOXDB91IEB,7gXy60xRcwYujBFoYHnR2O,,0CoiIc6ZLBvF9Cjmb1Cj49,0esUZwk3FcZiAH1fXa66dU,0Q9slhIaEgg190iG8udYIV,5RTLRtXjbXI2lSXc6jxlAz,5XQRfs0gXs30aWUn1Umves,4OV6uYSnHxSYkjDYuBVBUz,1cRhxmFvL3Ef4vx4jSCy04,7AjokpCIqf0gHMZJlodw2k,2cWZOOzeOm4WmBJRnD5R7I,2J80qXI4NHKpq5RT3xUF7V,0szWPxzzE8DVEfXFRCLBUb,3KedxarmBCyFBevnqQHy3P,2I1bnmb9VQEQGKHxvr0gSf,1Xfmvd48oOhEWkscWyEbh9,6jV25rzTKQ2zMgrqHha1V5,7r2uG6BlFXKcwmh9ItqlII,2QM5S4yO6xHgnNvF0nbZZq,5cB4d4jPYjMT326sjihQ4m,00XhexlJEXQstHimpZN910,5wK5IsvsDAGMxnPvKyLf2y,42qLC3FgtazA9AvaIoiP62,1MIVXf74SZHmTIp4V4paH4,6evKD5JWJON3qPBJtUEmtY,6OXzciYkZCsfLnechSnFR2,7yAPsqNhqqsTGsuOSZJg0i,6I9TgZbapKRXsunA05fiPl,08yxJfM5RnFAjJvMJIFnvh,2XnY6NZ6rENbLMYabjkRey,3XyHsKlvXenLURpECPEQOJ,6rHWAH6F4mr2AViSxMV673,1iJdyDcY98X3GMnUesl7tf,2wjmZuSHtRx96Qxb8HiP2o,7GaMopkesD4KK9dNbgyO5D,4faUajx9k93O56nlmpkOuz,3ZooCJzNMTLpmJaIRUEorI,5PokPZn11xzZXyXSfnvIM3,4T2k9bgIoC8bbqjqiEl9vZ,5MbNzCW3qokGyoo9giHA3V,0N9TZYLIcufVLj5eQl5GLm,3gqabzO7zvHVzAIT0Nxqa3,0LnhY2fzptb0QEs5Q5gM7S,0grdhNhiRLFBaFVyybqsj6,5TDVKqW9uhqGjwwwKGuma4,2ddxtfC0oS8LoktXUHE7YL,6DoH7ywD5BcQvjloe9OcIj,5me0Irg2ANcsgc93uaYrpb,0gBvuNzrFCOVaiyKexoYMH,6JOYrJkaS8ZKxLoUdNNdWr,3lJ6jvOiNY46L2juqXufpf,7GXl7JNlpliaLZhSVRLQKu,1e4opLDDJ52zacE50hm2sv,3SYGWAHCe31oykdeUPpoJp
8,5G9kmDLg3OeUyj8KVBLzbu,6u11Qbko2N2hP4lTBYjX86,7AWtkwVftjGXkoCIEvI7fW,2Nk8huXRi4bnq1MFS7QfHo,4WpXr474F2fTdlgWL0034N,1Jqk46QvzUn7SnwmTGX6Cw,0XuMowqsbFr0TmhOHfmWuc,4AKwRarlmsUlLjIwt38NLw,0qHfqHyHZnxvv1lfkJraQc,2x8KDZdSONA3872CnhaAlX,5lkiCO9UQ8B23dZ1o0UV4m,0EFisYRi20PTADoJrifHrz,0epOFNiUfyON9EYx7Tpr6V,,1mux8L6xg2Cmrc7k0wQczl,4zxH2Yu5AvPNRdEDBz120D,218kRJZ7FJs0hWIk8Ynzhz,2HHmvvSQ44ePDH7IKVzgK0,63X1WKthLQidtqxxO2sgeq,5OyoCvyau6TiGqcCKnDBCR,6fF9HxdiSPGCXar8svBeHS,5CiGnKThu5ctn9pBxv7DGa,4RddZ3iHvSpGV4dvATac9X,3YJMzGjAm245zwJooY7PEj,6ynopZPMBXcIGBI9M02Un5,2gKYxTUOqw9aPt7ljMwSHT,1cK2Abwkni7m51wJCSGllN,4C86wrjOUfXQDlt6A4oJOC,5emIiPIHrSU5eP2dOd8Ksi,6qiGjRyN7TJ1GA2nXF68Hi,1sU2EgcKnGSbpT1FQ95EgY,5xI4mPixKfrCCspATqbpy3,37NqXwtb6nIEqRt4EJSoIO,3FTKP1k9VbOng3m1rgnsqx,6sFHvCyqklnJpXC9Nh1aag,5Wg6XnPTp0xXxFCjywwR9I,4NEYQeEYBUjfaXgDQGvFvu,3ApUX1o6oSz321MMECyIYd,5OKhN5AURco1pBqba3CbnS,3MqjsWDLhq8SyY6N3PE8yW,2QMCcKIPHnjQaPPgoEst88,7gOdHgIoIKoe4i9Tta6qdD,67hb7towEyKvt5Z8Bx306c,4E8L0A5xtDhcMaeBO7p0eg,7c0XG5cIJTrrAgEC3ULPiq,3syirl4cAvDZRaPleyMyS9,0ojcq9LJQWMawQdFDw3M0L,,6M5FR3JkFFVDkgwtO6Vtz6,6HQ6vf4AloXyVNdyJhrX1J,25fqWEebq6PoiGQIHIrdtv,2auiVi8sUZo17dLy1HwrTU,2RDOrhPqAM4jzTRCEb19qX,4IS4EyXNmiI2w5SRCjMtEF,6jMwNySNrAokQ3Gv8opEP7,6E8pGolyeInc820eQQak70,3FD9VAd0ppjmKbfxF4LzUh,3TVjdmhfFoYJLgBEkkZTBm,55SUpsj027epu8yi663EKZ,2KEqzdPS7M5YwGmiuPTdr5,0IF46mUS8NXjgHabxk2MCM,6nzxy2wXs6tLgzEtqOkEi2,5zkf2Na8DKKJmtWX5Xrx3m,4GNC7GD6oZMSxPGyXy4MNB,5RR0MLwcjc87wjSw2JYdwx,5T2I75UlGBcWd5nVyfmL13,7iK8PXO48WeuP03g8YR51W,3EIX8WuD9ybB4ruz0MSilB,2VAnyOxzJuSAj7XIuEOT38,2KEqzdPS7M5YwGmiuPTdr5,4pmNqFu71wEmFXSsYAiWK8,5waIYqZSsMaTQqdL4QnqyR,6uhyakkTnWoxbEKn9pIc6V,41klVmDluQZmGGqoidNfbe,2FrLTuXGuFDzQsjKidB03W,6Rmg5JiRphFMlhkwGNl9Fu,4bkmsIjrznXB4Eg19UATWt,5QjWgYDeKNP2iPHTdTttnG,1cNDP5yjU5vjeR8qMf4grg,0D5U7oXEE4dut2DPyUDLca,7LQLsKs1Qulq0BxYdhRnBU,0lYzZ91QzokaPrRK1vq6tW,45a6gCQWq61lIUDmr1tKuO,1Cq0LAHFfvUTBEtMPXUidI,6DchmKCVOKK707FCrLFFDW,2tCT4ybLKzhFYsDF6ZOKAY,4EcIU574ksr6mC1GMEOe0p,224CDJhbm230iSo9ZomTWe,04AIS3XqFcq2k8w3Tx4AmU,2kreKea2n96dXjcyAU9j5N,54w1dJI7MTjkRGNfGuu2fc,4yiQZ8tQPux8cPriYMWUFP,7FgMLbnZVrEnir95O0YujA,1Oa0bMld0A3u5OTYfMzp5h,3KedxarmBCyFBevnqQHy3P,2s0YBNTlWf61tFJwKderGS,0KWcq2E8ejxp78jdfpCd4K,0daYmCWEivMhG9FsmwgyFL,2q3tx3ThgAhkMoUYiEnIjy,7o95ZoZt5ZYn31e9z1Hc0a
9,1PDE2MIJ4M6uvFJDrslazf,60eT7q88iLWKnuSXed1AGr,71tUraH5ODniYOmjxfc1za,0hUzS5IYzUvFW0qSk2cw2T,5uBIsYz9WatgoViLG6pVj2,3CEdEF8RsuL3hAFJaujvr0,3zDRCqOhJXJfS2YWOEwGMC,67ghKnycRX6VM1xfqJSMlH,4s8ZGMVf3OiPktSP4ulpqU,3vDUJHQtqT3jFRZ2ECXDTi,4Tw2N3wdvJPGEU7JqMxFfE,6w9ToX5slZ4uIdmD17hJ3c,0XNa1vTidXlvJ2gHSsRi4A,,5ClJtuiNlr83ua45Dvpcf7,4yBNT94b6M3yRNVLIy8RhP,67BqBdApdbZ0onglFqRoTg,7rFugkk9ZvVB1zXHg8h0rj,16plk1BhihSieDutGFbLt8,1t20wYnTiAT0Bs7H1hv9Wt,2x6jz70u3sZq75tW10akUW,3hyEbRtp617pNCuuQjyOmc,5t28BP42x2axFnqOOMg3CM,2hWr3AjjKOCVmWcwvuT4uM,5PIdjtNMwJgYituTP77U3X,2h703v8IFHI0llPpAPIXLi,2sd9Q3r0Jhqpe3w9WVuG43,2j8XNrT8TQH4JMeyEMJYfL,0Y5tJX1MQlPlqiwlOH1tJY,4C50EbCS11M0VbGyH3OfLt,0bm9qSmVJmT9CEukIhhZY5,5W10uJRsbt9bROJDKoI1Wn,3K0BfjMh2dS8WITuiMuGGW,0ZLfGbfO9xjpfna1pN8BeX,6P5NO5hzJbuOqSdyPB7SJM,1S0uvW1rgvtkNGma9su3fJ,7xeM7V59cA1X8GKyKKQV87,3gggmBN0erstm3YJvEGe3t,5jtGuhEEDh07yaFfm8qHg7,1ZVoRDO29AlDXiMkRLMZSK,2OFEXARoSZyZLR6S0oV2R7,1HBjj22wzbscIZ9sEb5dyf,54QMjE4toDfiCryzYWCpXX,0gH4VBwt5MwWomiOXloDC4,6f4XkbvYlXMH0QgVRzW0sM,7iZ5x5fwRwROoX3iRWpVgN,53KwLdlmrlCelAZMaLVZqU,,7fSjnDr8tBO37Xbb2UXuYr,2IjiuEObrCKyZvSb8xLxG9,5EehXjjMktLuJmbRsM7YfB,6LEeAFiJF8OuPx747e1wxR,1Bl6wpkWCQ4KVgnASpvzzA,5kBQbdunAcJ6pY5cOme4b7,1nTVNdaDAzXB1AbP30cGk6,76fO70b6BK2xt3UVOe4BIZ,4M6Z1wubeKtwPqbjJygTOc,6i1GVNJCyyssRwXmnaeEFH,4N874uPqBka1QiCvnCVOtr,4o4tLTIJ3eWMFerz73atcT,5NDMothbpdpq2xHqSjrrWn,08p7B5OtcUuVblvkQIlBhJ,6741jcSlgsv0M3B4ruIPS5,6wlk4iqaEgEvADMVG6QMd8,1eTft3tXynrKdo6XD7QHLL,3cqeO3muWIW5uSmUDNCmyT,6w9ToX5slZ4uIdmD17hJ3c,4NYeChhB65zL0ywl4rHmSk,6J1pbNXDK0BTTMCvaO5xPv,5r5Va4lVQ1zjEfbJSrmCsS,1Oa0bMld0A3u5OTYfMzp5h,1bCRHURhZOlUETp67F7lmn,147dKKwnUn9qesNx8uAs3Z,6aLoJJxz7MV2iZ423S8tJC,7zIRO89G0FBAQtGMHO1Wa0,0bmxU94V20pNJ2Vie9kFYv,3fA5zBQWEa0uzYo43SvXaj,0mzTssRDPIQVH5wSNzOdFZ,3gGUMEwIX6XodWsYEvKSal,6Nm62oNQCdPxVoiQtFSksF,3c96G4d2lUOxhomM2mby5S,5bdwzvp6eirvqh0TwOwjgE,1sBkRIssrMs1AbVkOJbc7a,5DYAABs8rkY9VhwtENoQCz,7xEFii6utZmQ61kX59HmLH,7Hjbimq43OgxaBRpFXic4x,1cLDC1abeY1jIY5AX2Rtbx,7BKePXVmQRgnkbGcrFX1G4,76Pl0epAMXVXJspaSuz8im,6rqU9HQ57NYGBnBzbrY3a4,7rZNSLWMjTbwdLNskFbzFf,7nU4hB040gTmHm45YYMvqc,4NGiEU3Pkd8ASRyQR30jcA,4sb7rZNN93BSS6Gqgepo4v,3r17AfJCCUqC9Lf0OAc73G,2cbnuG01tV93pqdfr4OBqL,0le01dl1WllSHhjEXRl4in,6JuRhSfY164psE7nZIXw53,6b22krzivS6gov9c5xARvJ,6kUQJlewgd3UFKVYrrmILh
10,2OPyK48uFk5aZ8GKWa5FPl,6FIrstf3kHEg3zBOyLpvxD,1VeH892FTsVyB6XAnMvEbL,6RIWQfiz9FbqP5QX1XPvuV,2RWaZohsuqSJX9xWX3p95G,5ZGDxHhju6eE8ja4IyGe87,6aHaYKL09sA8L260zXNlVR,02A3cEvlLLCbIMVDrK2GHV,2J257euzcjnDLipsyJH3F2,0P8YNJXX7QeQ8iZIUCXJgi,69Mj3u4FTUrpyeGNSIaU6F,2wYOpkTJZGByNEOjEnSmoW,1ctkBmvz80MGyi72Ix055S,,0MkvbIaZ8Uj2URBv8AdI1N,6xoAWsIOZxJVPpo7Qvqaqv,3Xt0yrWeurmp48fodXqMWf,3QVolfxko2UyCOtexhVTli,5zfEatKLDdRkgbw6sdLBAQ,6sFHvCyqklnJpXC9Nh1aag,30G8Jlp6mw5RTEEzMndIZL,4YXycRbyyAE0wozTk7QMEq,6BdSOHfQ6kMg0tbAFlXR1z,7IfculRW2WXyzNQ8djX8WX,2Z9KL8Zmqx5Sg3cd7Fldhl,4dvonCK12HCv1UUryzRppO,4AXX8UN3xaPrxHSqrgE3Ta,4VKbol7eCoEJUemlKvE3Ve,2Mo8dJY6EXvu41mbsJ2vOC,7gRGh8w4G9zaFJSaIYp8HH,387fj6TuPJ3y2H8ViAm6r0,02zPEtdzUWnPToEVLRiQ7e,6g0Wah2YFtb1rFgKhUktlo,1SiCF4gVjnR5iAIwk1nkXo,4xnihxcoXWK3UqryOSnbw5,4dLvccxeQIM5u80Ri0u9OV,1JbemQ1fPt2YmSLjAFhPBv,50JJSqHUf2RQ9xsHs0KMHg,0LTIwNcvI31Zf5wwFVRHyu,3XkJyJgJDxnjdQgH0zfT8K,1bpzpALZwOoKXzwMg2i8WB,07YZf4WDAMNwqr4jfgOZ8y,4M84umUNRbZy1mJleyyRM9,3VKQYnCpM6ofG8QUmlnW6d,67nwj3Y5sZQLl72VNUHEYE,33Dtwad3snCG92mhmi17WM,6FIrstf3kHEg3zBOyLpvxD,,0t4oHObO3FImWvIhMimaSL,6JmzdIDSQdeHg0pocIascm,5ITI6SEoUZMIXXkzCfr4oE,2KEqzdPS7M5YwGmiuPTdr5,6extd4B6hl8VTmnlhpl2bY,25eQCECJH4VTpBYV9jhpyE,4ddg7PH5OuSossiSBWgueu,3zNM2tRfTX6LI1lN2PlrTt,4eAOcbAXIF4BmbN6E1QIlw,4ehtJnVumNf6xzSCDk8aLB,6ZitSwtBSGqj00w11GvMU3,0NIIxcxNHmOoyBx03SfTCD,3AuMNF8rQAKOzjYppFNAoB,7352aRY2mqSxBZwzUb6LmA,0UEP2XBR9aC5NBKcAKnBIq,66W9LaWS0DPdL7Sz8iYGYe,5LWkv2hDbDwZL3zNwZYNPx,0oOet2f43PA68X5RxKobEy,1mcTU81TzQhprhouKaTkpq,3PXR1cXkJk5aOekoGOtWFA,3jNkaOXasoc7RsxdchvEVq,4QM5QCHicznALtX885CnZC,7hJcb9fa4alzcOq3EaNPoG,2YEiH1sR74zLrmZ7pw8dDA,0Xk15jHKly4c3AhPr5vjoA,1DvtabXAjfrMihPP6JQdHs,5exy2LREZrJ6aRzj1SwXQX,3A9B6c1CrSPauiOblw7pWz,0e52F3Q1maTGPgsEa1hDJM,1vkJFCwstOoJO7yQ4lTtLK,0inkJpjAKDnQOv2VHBCU0Z,2Eo4Yaukt9d6dnZrY5hQKi,7sGj46FhEm7c19hArcGtlY,4xrDCETyApzUQ6xzcc6QtS,12FHARd9fY0Tu0ila4Ua25,3AQRLZ9PuTAozP28Skbq8V,4K9OTkRXEFL6NDXFTqVmq9,7izarc0fRIPbdZ8cVyChRf,3hwgckfLtTHdnkf694c7HS,0bm9qSmVJmT9CEukIhhZY5,5P3mgWx3KvnURMhlVm5pMS,2JSjCHK79gdaiPWdKiNUNp,1kM5rgJvkiDMOoKX56H6pX,2Hjj68yyUPiC0HKEOigcEp,6aZyMrc4doVtZyKNilOmwu,6O2zJ0tId7g07yzHtX0yap,2KEqzdPS7M5YwGmiuPTdr5,6kihpsUFibXNX1Wky3yvtI,08rMCq2ek1YjdDBsCPVH2s,0iQ58hVu6gA9nuuCgbnvOn,1aK4CAEPdOJS3wBL0OnQts,4ntkql3f3ect7NDRUJ7aAY
11,0vRvGUQVUjytro0xpb26bs,0oeUpvxWsC8bWS6SnpU8b9,2Yi5fknmHBqqKjHF6cXQyh,3xp3cJXlqdWzUJk6Pm60d5,0llkptfupTulUWZRCDYqGT,4JHlHSUko0ivu6fXYT8J2q,14nVYgOiwVBJIEATXIDYC8,1L9i6qZYIGQedgM9QLSyzb,5v0XTlB9FqNvfBfnw8n5b0,0tCtGc5vt29zFZp6KXzN50,485uL27bPomh29R4JmQehQ,1jSjfSgDjedJdi5MoyRu78,6fHETUBbKmdmgybtFOFQuc,,3zPWcnruZBNnrd22uS8UBy,4oJ3WVkGXRBtRC0YaqMKxU,1LFKKuzn302wp15dYH28id,3PsyPWjsftbfeXGorZv4AM,039zhJoEkboZ8Ii6K40Fb6,5JMLG56F1X5mFmWNmS0iAp,2yN6bq26wynQcRuPkBYTDb,5iNrZmtVMtYev5M9yoWpEq,35Uu85Pq33mK8x1jYqsHY2,4iXrcntPCevDmneGb6mEJK,41LLNWUptvfbQ9Q7oCefmg,0d7jzRhjOifL8X9hxNvbEn,5UoVLCWzOKMIJ9iioof9OD,6zpub6jbY6CdrcqQsDq8P4,5dtbsNKCK6Q9yZzdhZpaqW,69tiO1fG8VWduDl3ji2qhI,3A9B6c1CrSPauiOblw7pWz,2datC2OML2YxykP6vnDRmg,6OkX55UMCw4Hgc5HM4zr7K,0d1nFNO90pwRmCeeqjOx2Q,2FovgCfOwN9iqbkCBlKFdT,1qyAl8T6GTcaOViaI7fs1j,69BUYvpG9MbjCyIZfsFdhJ,0pt7PX4Hftlg8mV1ySU84Q,2wn2nqzITvJ1vcMRO8Wzv6,4TK1gDgb7QKoPFlzRrBRgR,1dsilrkrvxXE6I02SWfDYD,5Pwc4xIPtQLFEnJriah9YJ,3C8RpaI3Go0yFF9whvKoED,70W7rQt07eDkynzl9JqHAB,5gCRApTajqwbnHHPbr2Fpi,17aoRCzkZM3IFEbFqVCuX5,53wZLCnhshZKDRs3uopFBc,,2iUVQjheBnvOt8vaBrxXJz,3MyFDtqB80WZvbtCZRsekM,4WUGQykLBGFfsl0Qjl6TDM,6nB0iY1cjSY1KyhYyuIIKH,7mDU6nMUJnOSY2Hkjz5oqM,6JLwyyc3LBwRXEODjugQ4D,1afjj7vSBkpIjkiJdSV6bV,33ay6frFAk5xRMXayOWsil,6If57j6e3TXXk0HiLcIZca,6cEuCEZu7PAE9ZSzLLc2oQ,6xdRb2GypJ7DqnWAI2mHGn,3Y7RZ31TRPVadSFVy1o8os,05oH07COxkXKIMt6mIPRee,1W3FSF1BLpY3hlVIgvenLz,3EfnKIG9827OXkcQQT7HEI,4qWnlmXWuGv2TtuxtIWlJX,6QyO41KctzGc70mVaVnXQO,7HCqGPJcQTyGJ2yqntbuyr,47MpMsUfWtgyIIBEFOr4FE,3hocSCbr0ocaG0bejDPamC,6csA2rxNLkQJXeEa7lyGXn,5CCwRZC6euC8Odo6y9X8jr,3Mcii5XWf6E0lrY3Uky4cA,6Nva7JhU0nL9SZ8ZvJni6O,5SEW04tNMMrOz7UFQJA6vz,6AUl0ykLLpvTktob97x9hO,1D6vAeVUcgMbSx80IA3Zun,7KAGJwWQQui8b0uqwXRkSr,1Ix7HXvYniFdqONR5YeFEy,2g6fa86fL6oLcoDqanBbuR,6MPCFvOQv5cIGfw3jODMF0,4DuhYdfd2jHMdaqYVYZp04,3qd7OFf9RCmk6wIqVrZH1L,7qhWa7UI1QNZNDnzYwAYZm,3Y365ZqTf6fJ4ZcRnLKPGt,2DnqqkzzDKm3vAoyHtn8So,2nJYGgfTf2846LtVB3AES8,6I3MElirhT5t6Kf7p0hGk9,5l4GdLELvdnXZVT5g947i3,7oaSITFPadI3fnIxbv7hTa,5xMkiuMCSS13z5shShg7Mz,2ekjTXgjxbWwBX5lTAj4DU,17UkABEasVRlCcIFZ3wHb7,6prmLEyn4LfHlD9NnXWlf7,2IAZ2xX1Ovh5jxhBWE7wda,6evKD5JWJON3qPBJtUEmtY,0NIIxcxNHmOoyBx03SfTCD,7J0LWYD28ay7XQBjlWL9jM,5aEWnrN8h3MhuFUPRfaVuy,1kLU4FT0l2Bayn8Vir6jo3,2sgikskblKZFbDpsYO9anB,5LeiVcEnsZcwc133TUhJNW
12,787bCXOIvGeBw0Bc4kEjhD,67hb7towEyKvt5Z8Bx306c,4G7VHqcVjuXBTVsTkAfhZZ,1K9SwCNFeSR8s2fshLX7AO,7KkqUt65v6LMtR369OQ6FB,53zwWZL3vLQ7fVfKrhrzaK,1M0dufGcezQSWNroSSQcK5,4YXycRbyyAE0wozTk7QMEq,1020a42xVklY6c56imNcaa,6tYVXU1sKSsk6SIdkfIWGu,5q4AzEtCoYJyXjMMoEkSU5,1TtXnWcUs0FCkaZDPGYHdf,7EFB09NxZrMi9pGlOnuBpd,,39YL6FS5gUvd8DCTV9FfSP,5LVp2pGNzmOQqXzziBBR5x,55yEsJBqyn27JPsw5hHzqi,6e3pZKXUxrPfnUPJ960Hd9,0tPKcpC8yXpfdWXFcN7Vwr,5i4BaWy8YIun1u3RXwmlWn,2p0Hf0MF8Nw8lwAXokczf0,45eNHdiiabvmbp4erw26rg,5imUS9dQyCbAjUEJJ9QyWC,0ZrpamOxcZybMHGg1AYtHP,6QzzeKV0VcnT2vJMYDPuL4,0HSGpDMeXaEmH5aUIHjnBF,3dE92yGWcrboP1kC5SWyqu,3fA5zBQWEa0uzYo43SvXaj,0sc5zYshOdiFD4ayqMrJbJ,75dQReiBOHN37fQgWQrIAJ,2p0kGyCDXwJJ424GAPvRo9,1QfEfvB62EEl4upf2ANKkR,1twC2fwPG5FkvYcMpVBQRz,040Fqhc0l7a4MPeDx6cneh,0znpFLuaey34oJTE1jHSnT,5GNSVtCq2hiXDx7jUA5Iou,0h1zs4CTlU9D2QtgPxptUD,4BzCdhJTyTS3gumq9xmymb,6rxxu32JCGDpKKMPHxnSJp,13JJKrUewC1CJYmIDXQNoH,06cLuOP0p7VAnBnqil1eWX,2gsggkzM5R49q6jpPvazou,2CIMQHirSU0MQqyYHq0eOx,5XGkLMcwitYFdwroktQs7o,3aQeKQSyrW4qWr35idm0cy,2v0ICLnNjBtkZYN22RrSHG,2kTZfKGZEj8R76z3ooKOF1,,6nXSnNEdLuKTzAQozRtqiI,3TlZLU8gQBrjTGJlLLDruk,4VivsO1n4n2Mi2Btyb5gfL,3ZJxEmjYZd5VOqZ8o3aXiL,7yO4IdJjCEPz7YgZMe25iS,15jZ8OLtnGATWHlQkltG7f,6oc3ElPTqRlMxSWCuZPi3x,4tujQJicOnuZRLiBFdp3Ou,2AQjGvtT0pFYfxR3neFcvz,47BEc2RoW53owMyxacXWdV,6ioOEWNNGK40H8xrGj6XPW,30DhU7BDmF4PH0JVhu8ZRg,1urjDGTd4iBze91Z1W1gu7,3zTOe1BtyTkwNvYZOxXktX,4o7tWrzQOqarDtTMWD2HV9,4K9OTkRXEFL6NDXFTqVmq9,5KPaeBm0fVfCSZLydp9jdy,03SZmfKAgYRQKUwy0EoJUa,0GM7qgcRCORpGnfcN2tCiB,3wyVrVrFCkukjdVIdirGVY,0Tob4H0FLtEONHU1MjpUEp,7qRll6DYV06u2VuRPAVqug,77IURH5NC56Jn09QHi76is,3dxezrADfOJsvZ4mPCIaph,2M4eNCvV3CJUswavkhAQg2,5TM9R6dNoJSMq23yZQD6Ee,4HF14RSTZQcEafvfPCFEpI,09agIJMxCD2k87ys9Al0f0,09OnYkvpmVXXKqr2yHAIuL,5M0fvL9GMc2zTuIIQwresj,5zctI4wO9XSKS8XwcnqEHk,6MxyNXnnmwQwdW2PD0gXYO,2iReGc3ItZlbaaSWymMJve,4xdEmbimxXyo9wXy9lq3ek,3jksrX4oBklxR78ft8gv3j,0vEsuISMWAKNctLlUAhSZC,0Qnx1MPnHYt3jJCYrRFVwX,7MNEVabc4cs19CbzAFZmXz,4m6ubhNsdwF4psNf3R8kwR,7qXzy6c5RWT0XlVQcOBIDG,1QHLcqY9m9aoKWcjBiQV0y,5dcOK4stT4JDkP6Dqhbz5s,3RjnAn8EWb7zaLlGWVxQeP,5rScKX1Sh1U67meeUyTGwk,2PCUhxD40qlMqsKHjTZD2e,0NbfKEOTQCcwd6o7wSDOHI,5yG7ZAZafVaAlMTeBybKAL,5iJuniDT0LFzXnMoLI1YFV,2NmK5FyrQ18HOPXq1UBzqa,0c5584rnmlOvkMpJtpBLTh,05khYC2X2kbHqWqD7aYB3c,2tFN9ubMXEhdAQvdQxcsma
13,5Vu87j6vCvfwc7FNVGnBwk,37uLId6Z5ZXCx19vuruvv5,6hVfhenDWtc36gNLmWIRG5,0I6bdBR4Q7uoc3HI1OgI8C,5mnS9jJdKQQcRSqFu5YPVe,2oJWxzbOW9q6pTekL8JPGx,2ytaRjGwyS3veZwsmr0SPj,3GtCKJA4SkOxN65MWjm82R,67ei8ib6PLT1w3OkhIb4fB,0bdJZl7TDeiymDYzMJnVh2,3Fz2GbraVXhcpXnoi2Oe1r,5hdhHgpxyniooUiQVaPxQ0,5UVftEhSsIg0kkXlmfhB6M,,5BZ6sE59U7VZpR90vWbMma,26Kq9bSJsElA93PflKEB1A,5PSWc8Y94zFsAtZlTe7ipI,6jStlKLflTMUN6BajxrNlj,31lnFZEM6ysvjOx59VyxRE,6fOKLk8GmQ8xKogCRuuAwD,7dGfoIWAb0h9eGpl3vEkVo,1LOB7jTeEV14pHai6EXSzF,70BYFdaZbEKbeauJ670ysI,6g0Wah2YFtb1rFgKhUktlo,1XKjtpH5P81gpOXDB91IEB,1xFn1xod58AGaSZjrxdiXA,0vUJ3QLN3MlRfjOc2LjGWp,2VE6Ge0qFHrqDC6KG6ECJn,2y2bEk3zCBVBMDkrXgA29R,251UrhgNbMr15NLzQ2KyKq,6VjbeCqoayiHYnefrisskv,3GQboECxDT1xqPPWC30p7v,0OUXTnqjvTg4iZ7Lhq6vv7,5WxnXxSCyhDSyi6elhBZd4,5fywYLnKJi950Y5yMqavxm,4vhNDa5ycK0ST968ek7kRr,2gDqGAadPIPiA7LtmNn74g,1Eie0tY91rpi7Y0jtIOXzI,47odibUtrN3lnWx0p0pk2P,6CrQKZeuSKNYgrE7PeYqJ1,0XqFDQJjqW5PfhfBCb53LR,3whuHq0yGx60atvA2RCVRW,4Y7tXHSEejGu1vQ9bwDdXW,03KLzHVK6la8dVop1iVI5x,6Ha4aES39QiVjR0L2lwuwq,2otUckChxWf2cp6UP2cD6e,5vvvgOwPjA4R5t07ZXLLwZ,,6TTJ0xLPPNDyv4bXyukzU4,7HIN94LvSDgxN5RoOLi3E5,3fmMaLC5jjf2N4EC2kTx0u,5XenQ7XfcvQdfIbpLEFaKQ,5MbNzCW3qokGyoo9giHA3V,7jgnJBnpZTiGnCF2Wvka2Z,3Mo6O9iqKSw3Mn6v5zZfEy,60CFNa0ggWjV8OSDey8aGT,4hqDqHtBlgxXpLXVYf7c8L,6lB8vOoI4DRrrVxXwuV19c,5e1BZulIiYWPRm8yogwUYH,63XBtGSEZINSyXylZxEUbv,6zDBeei6hHRiZdAJ6zoTCo,5rkVyNGXEgeUqKkB5ccK83,6iVo62B0bdTknRcrktCmak,5KNNVgR6LBIABRIomyCwKJ,78sJswwVn4P8aEhkF4K6fQ,3xU8YsNNkmWSPewlB18NUz,2DspEsT7UXGKd2VaaedgG4,5dfFr2qhmXQLvHZqg0dynx,52Syw7gkGRePCAYvEY2X9D,6c0mTNAxJxlp9HpKTUZwA8,1YfEcTuGvBQ8xSD1f53UnK,2ujhjcnmXKAC4IsW9fFw6G,4kLvhMAuCloLxoP1aVM7Lr,7hj7ffJe6UkF1gsMpuweSI,5JXhkyafynxCvxtov7C1PV,2t1vHqFELDwweQWM6JYxHG,2QLxag7UehMTlparZcbQn9,2DORQjKJVYZMx9uu82UGtT,4Ga1P7PMIsmqEZqhYZQgDo,6Iv9dXeKX45ff7qe0LDuFW,4jL4ODsLknRn6VMl4R2gUC,2DORQjKJVYZMx9uu82UGtT,0st5vgzw9XkH5ALJiUM1lE,2PCUhxD40qlMqsKHjTZD2e,7CanUos0itnFLMrCiT839W,3QTDHixorJelOLxoxcjqGx,4D2d63igYEdzhzFnxrSow7,2UFKXTZgKtOTHSqMSyAcLO,6RwBaA9wZC0BPWZfmGeWMo,2u0gw0uCWBMiqV7h0N8kai,7L12TqJ0fbwtFljTbwfwRI,6S2OmqARrzebs0tKUEyXyp,7omzannyG2lfDqP5xyZo34,19KwjzvIL92r29IINtlPNP,2SdOKxC1sSxEyv8JYERaNe,3NW5v26vvoW5ycV37qM5ed,7xAcVHPiirnUqfdqo0USb1,5EENlafcyIWhoRnYn8pYxq,051LEaPnq5bbqCtEEowPgZ,1JfkqBTXs6VC3JZ7RJNu7h
14,2tmWjaROlvLpahIZcvPLwi,57MtJQ6Sc4tIxrXIhrqVJL,3rlKqNmhaP9UiC0wFQyFS3,72G65J87dqMi39O00Du2Je,2LEinBhufpsqT17c5XYomF,7yNele4jnVhZJ2GE7Kg25T,2GmsPqiejcB4bPdxJpkCh6,2tndYCXQneCV4jtoWRwVpz,4oLZx5FplbgfM8DEe9U8LB,5oFkj1qSlyBUmV5d6Edgtq,6DCIj8jNaNpBz8e5oKFPtp,5pughe5rcsOq3GF0utMOs5,0IBAqjHG8DSaD7PPCGnGiZ,,2zipzOx6MIp5B8fmxR7bLB,2XkCa3HcntokIgOP5N3QO7,69baNgo5tsg1RjBgotRbEj,7jgnJBnpZTiGnCF2Wvka2Z,2SrSdSvpminqmStGELCSNd,26plsJBmW5se3wurhwzaEK,4vQLu6vYK0hp8k0fsAzsU8,1IueXOQyABrMOprrzwQJWN,5S6hjAxgxjsLylsTtMIimO,7Gf3LSwa5hh8Cjo60WhVjC,5p7mWeX4RlvqBCxylfiXdE,3smfreCkyJt7bShaTYpG77,4eb7QPyORtTxhMiLBo3YWK,5pFJ8lLOUnyEaNrrf7D1KK,6eBYLQONaYZhZNAVK061t6,1fZpYWNWdL5Z3wrDtISFUH,6vjdSeVcSUJcCnQvQLdgks,3ETLPQkcEd7z4k3IbZmXMq,0W498bDDNlJIrYMKXdpLHA,4Dm1MX4VPbtLssAQeBhHFo,3mPc8WGusz2XF3Tvs3AKCR,0UWZUmn7sybxMCqrw9tGa7,4vhNDa5ycK0ST968ek7kRr,787bCXOIvGeBw0Bc4kEjhD,1CkthcIyaPjnbHLcwhbU7c,21o0KNjooi1XjygW6V70NM,5FvlJcXnFIm72pgQtW3Dct,2l35CQqtYRh3d8ZIiBep4v,3hteYQFiMFbJY7wS0xDymP,6VQUyaRqUl5BCTJS0cCEki,6GMYJwaziB4ekv1Y6wCDWS,4lAjitjrUJgjJgEVj2CwFc,1zkHConahaP6T8EBpg8BeE,,7gqsi6aBSkRMJoL9psKqMr,7f5Zgnp2spUuuzKplmRkt7,4VNQWV2y1E97Eqo2D5UTjx,2kQnsbKnIiMahOetwlfcaS,07EcmJpfAday8xGkslfanE,7lMgpN1tEBQKpRoUMKB8iw,5nTMNNNwQMoCYgzUXdUaB6,4pmNqFu71wEmFXSsYAiWK8,6G9bygHlCyPgNGxK2l3YdE,6BrvowZBreEkXzJQMpL174,4u5smJBskI6Adzv08PuiUP,3PyJHH2wyfQK3WZrk9rpmP,2NdeV5rLm47xAvogXrYhJX,0f5nVCcR06GX8Qikz0COtT,08uRwDeNv1d7FSwlOUZdSn,4EzkuveR9pLvDVFNx6foYD,24nUVBIlCGi4twz4nYxJum,71oGOxg5ez52Hh1Ye41A98,1pf0MPKfKdvS8J779mS1Ay,3Fdm9TFJQCLmC3AWMuGExi,7k9T7lZlHjRAM1bb0r9Rm3,1VBflYyxBhnDc9uVib98rw,6O2zJ0tId7g07yzHtX0yap,3vDh2Mern1I2k53Oy0pDlD,03GruNQP8X25PCoWzdvIGZ,3hcs9uc56yIGFCSy9leWe7,6zpNfYJcPavd1pqLXKiSvl,21aa4pj9BvbFB2iT8kRpnq,2aaGbpl5Y2ykZsNFZM6ofw,6prmLEyn4LfHlD9NnXWlf7,21dooacK2WGBB5amYvKyfM,1Qv4E1VgZOGnOYd99Kp5Bs,3drqpTL4sQOckmAfF9i1wg,42NjRVKqEGe2DkGvlUd5qM,5einkgXXrjhfYCyac1FANB,08ct2eZF5lUPdJpHwNKWof,6RHKEd9dpzQ4c09x8Zdaxu,0WjtdWS6su0f3jrW9aqEHl,2qWK8K2Jfh67UqtwY8tCW6,21aa4pj9BvbFB2iT8kRpnq,66Ok6bgC570sHkw08N20pZ,4xXCRXOfQKQ2gjWxNhNzYW,6rEzedK7cKWjeQWdAYvWVG,7o95ZoZt5ZYn31e9z1Hc0a,6v4jPZO3UIDNJIgdxRxtr9,1HwM5zlC5qNWhJtM00yXzG,3MdXrJWsbVzdn6fe5JYkSQ,2innBaSmptmpGvov5kUIqW,6vfR5QRc3xca0KvpG8KZBE,6ZYa9hYoOGVzvQa2vmiVhi,63dEJVmFUqcfxbD2EztNTh,2Hjj68yyUPiC0HKEOigcEp
15,3tQx1LPXbsYjE9VwN1Peaa,1fg65Qx6tRt0aXBfz5I4w5,7rDiwu1XRduWVZqDYrQf9Y,0Naz1mk7F25xrk44Ugd8nd,73Np75Wv2tju61Eo9Zw4IR,1AwO9pWEBSBoWdEZu28XDC,1twDsBPbUYeljharVfF6Lf,1HBjj22wzbscIZ9sEb5dyf,0IVcLMMbm05VIjnzPkGCyp,5oNgAs7j5XcBMzWv3HAnHG,59QxeZBL6k9L4oJBGSyukd,2DspEsT7UXGKd2VaaedgG4,3M0H4efyA5YcijrKlaKbYn,,4vhNDa5ycK0ST968ek7kRr,6jStlKLflTMUN6BajxrNlj,4L1z1IcfK7lbqx8izGHaw5,69irZ4R8OsrLHjr6VmMmMg,3ijd7T9kkzgvfx1az6Z3wj,01y8iBZYk8aeNfPsuTVrAt,2VX0o9LDIVmKIgpnwdJpOJ,0pt7PX4Hftlg8mV1ySU84Q,5BtHciL0e0zOP7prIHn3pP,0OUXTnqjvTg4iZ7Lhq6vv7,3drqpTL4sQOckmAfF9i1wg,1uh9OOdPa89c5zPaOD6K2N,0ELXBCSsRl2m92MgnOsA69,65OPXmm2nfPvaX1fjHo8kR,4jTnkOwrJvTSJokhx3guJH,2XdtmipGVPmA62ptDgX8QC,3xDVmZmDpaF1uuez2N7mKl,0tbeZu9lv8YEKSQ9tZSslu,6LufpoVlIYKQCu9Gjpk8B7,72qVrKXRp9GeFQOesj0Pmv,6RHKEd9dpzQ4c09x8Zdaxu,1JbemQ1fPt2YmSLjAFhPBv,7okwEbXzyT2VffBmyQBWLz,5JMLG56F1X5mFmWNmS0iAp,5r65V3tfKsDc3nHfpIl7D0,5lCqW8vcd4TyTHzGIuKdH8,1PFc84GHTYPL0G12JHh9Mc,2qxJFvFYMEDqd7ui6kSAcq,0Z5pcmXDCKTrFWLnDChC37,7At2iBUKNSnPePeU1ZW4fD,0A0FS04o6zMoto8OKPsDwY,6NG0bF3tpQuQOixbzFPLIv,7FDlvgcodNfC0IBdWevl4u,,2zAvisjImPICTNsRgagqlV,20gsENnposVs2I4rQ5kvrf,4csQIMQm6vI2A2SCVDuM2z,4C9Tvlt8v7d8R6h98FgdUy,5dHt1vcEm9qb8fCyLcB3HL,1WycOcJCIRAH5xyzHXtp1E,5MyafTxCvKDZVVALZUByV3,4TqmaFJYM8SvuhrunxpmT3,27FGXRNruFoOdf1vP8dqcH,0XqFDQJjqW5PfhfBCb53LR,5QatamYwvUTOmMHW6WA0AG,2OaHYHb2XcFPvqL3VsyPzU,0TImkz4nPqjegtVSMZnMRq,2NdeV5rLm47xAvogXrYhJX,7sZ5ipSoboWdqXkdj6AXHo,5IH6FPUwQTxPSXurCrcIov,1xs6WFotNQSXweo0GXrS0O,3OLGltG8UPIea8sA4w0yg0,12vb80Km0Ew53ABfJOepVz,04ei5kNgmDuNAydFhhIHnD,7Ks3elJhSP20mD04lgiA68,2QSPrJfYeRXaltEEiriXN9,3USpNaxpX1iNqNnQWqg9ob,4O8EiXZbelscSDs7TgOXHc,0s1ec6aPpRZ4DCj15w1EFg,1ZLO8d7zll1WeQJUHaxQer,5IEFDMhrxPABOkcu6Vx93O,6U0uBUKWYZKZYFGL00hMsp,0VNgTklamUX0j9Cpc2vzuQ,3EBRANWwnViQuBrImN61Z1,2kCcBybjl3SAtIcwdWpUe3,5R6YR0pasdxlynyq0Abq7x,2JwyRtuXf2l6sTnSnGVIa1,6AawJaQO4i99Be2A3w7BTW,4yBK75WVCQXej1p04GWqxH,6p5JxpTc7USNnBnLzctyd4,4S3VOqqGguEZu3vbJMig4t,1ybINI1qPiFbwDXamRtwxD,0tabWyvzBwZR4NVIotBm21,5slpk6nu2IwwKx0EHe3GcL,1QPdp5duV6lV4XINCzjwQ2,1zuJe6b1roixEKMOtyrEak,5zMgvYBz4AW0gFyPtg7fR9,3r17AfJCCUqC9Lf0OAc73G,3aBkeBhwadnWMWoVJ2CxJC,76fO70b6BK2xt3UVOe4BIZ,0DtXHIvJ8NWBg5pGvsgWnR,5PIdjtNMwJgYituTP77U3X,05oH07COxkXKIMt6mIPRee,6ZYPFa3rUYzI4j87w1CURo,1LsW7KoHTgRLcZ7Jwt79MR,7rPQ2z1ji1ctJ6oGYBAo6M
16,0wNuUG1alVKXEEiwEypprs,2Tz1DTzVJ5Gyh8ZwVr6ekU,6dyQKg6sytjgPsPUFjsYXU,5uOMOTzmfhliUjnyiJh0kn,1V5Hq88OkI5tpsh1EKxStp,1bgyxtWjZwA5PQlDsvs9b8,74HomvqoUecDcUPRespyqg,6HQ6vf4AloXyVNdyJhrX1J,6RedK3o51NbUJuJxXlT4kj,5TM9R6dNoJSMq23yZQD6Ee,3zXw2Eh96iTT51pytzHdZi,0qTZZWLzuD59Un5r1speHm,0SwO7SWeDHJijQ3XNS7xEE,,0fbZUQ5vFLok76WdZ33lhX,3Uo7E7lR9Li0qXzxU8VmnF,4uaaRGr9KMfYPDaUnBIngc,5MynxBz4ZMqvUzpcxTZl4C,6k970rXaWAWVfWMjqWtFNI,7naAJDAh7AZnf18YYfQruM,4hz8ohK9ESaFbJBAXvWJGL,41rVuRHYAiH7ltBTHVR9We,6KO6G41BBLTDNYOLefWTMU,37NqXwtb6nIEqRt4EJSoIO,2NJWI8byqTSqDaJRnqJY2z,1XXUv8GRyRqOXVuDwB5QaS,6iRRErKYy1iojOaJoq6Ltk,3E8Mx37sikkaFoX5DRecLi,20sxb77xiYeusSH8cVdatc,1Tp7C6LzxZe9Mix6rn4zbI,28mnxLvVPWdJGLe6oQzI3Q,4UodukR17NIQfNu5uaqm9B,4l2MwXYwUDQKHcUXwCZjEz,0KQX2wRHV2VLjuscfJFNxB,5p7f24Rk5HkUZsaS3BLG5F,7opp16lU7VM3l2WBdGMYHP,6GRC8segVAr34gm6pjfSoQ,5PxCTrv3Y1xVACfngpt7D2,4RncsrNJ1GDGsFBIxI76L6,2Rc3Tb5XUPF1YlnQwuPgjg,53YSn9tHwGJ6bq5P0gGoYo,6MDME20pz9RveH9rEXvrOM,0b9ukmbg0MO5eMlorcgOwz,7FXTirgSWxaPY9k4mrYChs,20sxb77xiYeusSH8cVdatc,3pjq2pDV9RR6VY55wBjVnp,2LSJrlndCuTpdEluvYHc2E,,4l8UbJGiXxbfyDJPvcVH23,1yYBD4cVxCxXQXi4QGZfSo,2FwJwEswyIUAljqgjNSHgP,3qEnCAnX23lvoxZYtBiPgL,2AfU5LYBVCiCtuCCfM7uVX,7p0bICJNx2HM4jS28qexvv,32UhRcgdXO6LdLhOpfIdxp,4XqfpACObRB5AsBcUYjL8X,2tFN9ubMXEhdAQvdQxcsma,5wwneIFdawNgQ7GvKK29Z3,0y42IQBDFigO5mmEd1bGQG,7HkdQ0gt53LP4zmHsL0nap,2S8UlyXW4JjjHcbeg8ddIo,0AunegKKH2ys98aLxq8G1A,4ufh0WuMZh6y4Dmdnklvdl,4IWBUUAFIplrNtaOHcJPRM,3UwlejyX2b458azZ7eCnHb,3t4P7aXVor3NxlJPZxLzOQ,1fctva4kpRbg2k3v7kwRuS,2BUUAEl4BwFRA9NBDgMWSf,3xcx9CcYTM4M1890B8o9Bp,4u5smJBskI6Adzv08PuiUP,0NbfKEOTQCcwd6o7wSDOHI,4S8NmgM7oJ188sKp1waZpy,5ikWl4mjoiFlLPvkFRZETq,1ZbmerOthZbxz5eR3c9Mn1,1nca3OA1kKCpP6aPJcBL92,7oaSITFPadI3fnIxbv7hTa,0whAheccvr5O5qbQjNk4gi,2JQme5IJ3U7SRVQqHGN2fG,3wyVrVrFCkukjdVIdirGVY,3FXD2eQcHOiacO9qXENLUN,5PIdjtNMwJgYituTP77U3X,1iQVsRr2JalWIOLQa4T7O6,0YWxKQj2Go9CGHCp77UOyy,7m60UAnbgFFNuJbmS6OxTk,3mDo5Nv0SWpslJe9HzA2xY,6NL31G53xThQXkFs7lDpL5,1mLmCADd22UpYNqCAykYKT,387fj6TuPJ3y2H8ViAm6r0,0dSh0CIa0HPd9kJmJSmGQo,5rOhfAsK4uxq9OdREiQRKa,72eP0W3rIhkxd0NHGg4w4u,5xuNBZoM7z1Vv8IQ6uM0p6,7hbH1qupmU6HxVBjWJItlq,2Xu7q46Hf02xOoEIm4E1Qs,4WlpNQOzYe0itGsK5w1u8M,1wgIhm7dhhyPFBzSxfGR8b,6lHL3ubAMgSasKjNqKb8HF,4y7BsfdIKQ7Of5SskHej70,5QKWgt7dR6ePnanKaYqqBl,7nU4hB040gTmHm45YYMvqc
17,1S9WGrK7SZfXXQtHBYzDle,1qcU8NabUQ5efQf8UGW6CV,449mAbddAC2PAgNM3TLyc5,3mlxV3eHtMwvoOSLzR6CFj,5BuTOT6mPoNZ5EmaPheBI9,0NkyXWGxE3WTFixDSJ39PK,5SwsSD9zyWaWeVyK9qIW9l,12A83CWwFiyXy90ScLWPIe,5KkgZ31b9eDwkvo9oMIrSm,1SAugjIcuwNPKS4urSB7A6,4vpDg7Y7fU982Ds30zawDA,5lFhCi03HDneWzvCxGctrT,0Ak6DLKHtpR6TEEnmcorKA,,10qDQKbmh8qV5LDCFtHLIw,3VI6nyKdPVIBxorjS5rYNd,1SvG3y1gYAFOsv9785Xu9T,6soPpJHlCtN6SY8pWlfbC6,2o9hRZ3xI27UQpHT61A4Mm,5fj4oi7qHDoklvnnYmSBl0,7HqrSDuI9lHuH1CDismTFg,5p7f24Rk5HkUZsaS3BLG5F,3jTlKw98Ql1jGRPYqhqHap,2AOt5htsbtyaHd5Eq3kl3j,6JOYrJkaS8ZKxLoUdNNdWr,3E6iMhi3fvbMBSwZk8aeeJ,3cQA9WH8liZfeja1DxcDYE,2ces6d2YsQP1RpGMYpdFy8,1sBkRIssrMs1AbVkOJbc7a,2ic4xySjQ39N7DJ0HZemeG,6quRLJ5SiWHgcVMoE9TEJj,1plioVQ0mcgAO7uhvWkJJy,6ASGmWCYupa0CXGtsDdYSI,134sCDSe1w2zPnfCG4hT0f,5JMLG56F1X5mFmWNmS0iAp,6w1XCiB8efbfnusJ2jzmvu,4RjamFQJNT8nVbTKXJDJgv,3v9wPA58IVrX2dg6AjSPgi,4HCwj3Nt6DTTmJCpHuQOeM,4uqzzJg3ww5eH7IgGV7DMT,03MVmfitJTVJIxYmObhQn9,7n2wHs1TKAczGzO7Dd2rGr,2mV8aJphiSHYJf43DxL7Gt,0WX7MXOUx7elCFdxdgvdBU,1sBkRIssrMs1AbVkOJbc7a,5g3TY29rk8El8lvejImgso,2i9uaNzfUtuApAjEf1omV8,,7ACSlU8kTcQIbvpwLWze8E,6YvP6AXefuZ3bROoEVjCiY,76QHVIjgqlkWB9LNGliman,0cGUm45nv7Z6M6qdXYQGTX,4C9Tvlt8v7d8R6h98FgdUy,4TGltjqP0MQxdGeSIrM4es,6IYoNcihnYWgtCHRTLxk7H,3E2vuvr0IQbReTbXw2MhX8,2ddxtfC0oS8LoktXUHE7YL,1rSGNXhhYuWoq9BEz5DZGO,0wnYgCeP013HkKoOyC5V32,76SlrtEaq2oViRXulxjfuM,6nzxy2wXs6tLgzEtqOkEi2,1255GTUKNCLCTvH9ctD4cT,6XXKPxRX2WWPPtfodzpc2v,543ccHFPnZfJMD8tRGPtu7,0BqRGrwqndrtNkojXiqIzL,0sSxphmGskGCKlwB9xa6WU,5bWUlnPx9OYKsLiUJrhCA1,6rYogEVj60BCIsLukpAnwr,3EBRANWwnViQuBrImN61Z1,6beUvFUlKliUYJdLOXNj9C,4VmEWwd8y9MCLwexFMdpwt,5tCPpDoXfTKy5yTongtDAT,1BxqJ6pOCi8mkSjCbFYjpW,7rkcFChEJ9tCLcVevtu0Nt,2HtEBtekn0bXogyogD3PTr,7ACEUD7UsmmXrnj4OLt8f9,7rZYHhxGKbe1XepzlpDlKm,3YUrEElXpqiPSbffh9XXZd,4XWaILHqySwH1y6LhlYcsb,6OO01j5rLKCyPg4i3FuzIT,6hMNiBKUQFKpnZ7GTvLVZf,1ZcnsSFqWusWlRK01vKE6b,4jWGfUCFeTu5e0wprRhHXR,0dEvJpkqhrcn64d3oI8v79,2xE7TMnsr4hxdQW5F3urtq,3lLHpTOJ11tWiUNGYN14gt,4nD4jJ7anYuvuMtM8Wrspz,3xDVmZmDpaF1uuez2N7mKl,1mMUzAMrNqoTHgtxA0dZi6,4YPqbAiLzBg5DIfsgQZ8QK,6kBjAFKyd0he7LiA5GQ3Gz,4m4SfDVbF5wxrwEjDKgi4k,4AapPt7H6bGH4i7chTulpI,0b2XeWDPeBiLeskT6RFqMb,6cK3NBO6uP7hh0oyuVELFl,15N4o2rfEABILEVPXZIlo1,6I6t21SFbxZ7RbQgD5dN7U,0dRiUTGvNV17AMIULRYsvn,3rf3omf96B0fUqYublnZrA,0mzTssRDPIQVH5wSNzOdFZ
18,1gUi2utSbJLNPddYENJAp4,1xU878Z1QtBldR7ru9owdU,0b09Wj9kgEK9v3BBzuz5DZ,1HHcnYrMqv4xpwHJAzUfqO,4mmMtabvFCKA6HfmVmitNH,73xrrv4ZrlpLi1q0Q34wiK,7JoViNQIqOIaxcBswboN5d,6t1gpxYbY8OlLA7D2RiikQ,5X0V59ipZnbvnubW0rQVri,14ejEUaU0wE2iAenbbv9b8,39T6qqI0jDtSWWioX8eGJz,7iK8PXO48WeuP03g8YR51W,2qlAMLpUyBjZgnzuFXXZXI,,6tYuW96NhiYI3sAxEDsqK4,1NCrHXp9R3ogv8ezWWHFNs,7dmeVSH4lJqxXU7C87dKIB,73BDzWqbf1grbgQ8xYn2ou,14H15rElxdGClICOZXEYHP,7EIOmfcBRSR63ZaUptkD09,1BH45DVSTeGBvcYXNCd67g,5jAMCwdNHWr7JThxtMuEyy,0REMf7H0VP6DwfZ9MbuWph,60ciIY5MouLc2Y9n34DJdA,2otUckChxWf2cp6UP2cD6e,4o5dMLcXa3CyaChmg0Unsw,26T6b8maqEVltcmE4kSDUl,3P6ePaE5unCm7vjccfcBAe,4FtU90cHXNvErDdCM5ibqi,3Fe3pszR2t4TOBVz41B1WR,1LRpAVWq5z6VZMG3tTdZKU,43JlwunhXm1oqdKyOa2Z9Y,7rftfGIYEeZ79sLb58ZBDi,0Uev3WqwkRc17NqfsvVv4K,1Zi1c8sWZTy5rDiN3lAuEj,7slfeZO9LsJbWgpkIoXBUJ,2tY2GFdhH0Wa2VBvsxew5X,3wjsrpfO6odEphTZWx45RQ,3GHsUE2VmzMaweAB3RjX4m,7FnZWGw9lwOr7WzieTKEPR,2bEpVkue70dmlcE7obIGW2,2oX42qP5ineK3hrhBECLmj,37uLId6Z5ZXCx19vuruvv5,1nEmAvnOKMBYCziZQNb5B4,0YWxKQj2Go9CGHCp77UOyy,7LQLsKs1Qulq0BxYdhRnBU,3IunaFjvNKj98JW89JYv9u,,2rDxtYUzTAYJJE3Bl3Z5IN,4bL2B6hmLlMWnUEZnorEtG,6mK0vAO13gT8jWYANyoXAl,1U0sIzpRtDkvu1hXXzxh60,1ybINI1qPiFbwDXamRtwxD,6iHKWDaniE1NyU3xZ7FeGg,1PTl9q5EaEZejVGts7MBLN,4sb7rZNN93BSS6Gqgepo4v,2Hjj68yyUPiC0HKEOigcEp,5iNrZmtVMtYev5M9yoWpEq,6oFs3qk4VepIVFdoD4jmsy,5ZS223C6JyBfXasXxrRqOk,1YfEcTuGvBQ8xSD1f53UnK,05oH07COxkXKIMt6mIPRee,7FiAkNWMb6ZBYI8tbQLuIS,0EiNdCUwM4B5GkTInLAyuj,0Sadg1vgvaPqGTOjxu0N6c,5SuRAj1A9FEHj5NxS86YAm,1RBzGO6Nm3uyhUSxP7EDWO,0qpRQJnULShIWFKhcW5pce,15qI5w4XJFLRMwOp2VrlD5,4Ge8xMJNwt6EEXOzVXju9a,1HwM5zlC5qNWhJtM00yXzG,58O8UPrTdl4u2buM0skj94,7CrDa4z7UgtWJSGLlzyYV8,3zZ88AwlTwfCJkowsFCvLA,5Dyg6H3QJHQV5c7ojyKWyv,3nmaO18tcMzfrrR7sdJHnH,5KcJSAFLAEtpCkK5EI0KLS,6pjod8SsOOGf6GW9tfEnH1,7502fDxg339jvGV08Jd4R0,2osoVujXgV0PA8lhqDKYFw,48Fq6GV3S6on56TxSBu5NO,574ERIqzZ5yZU9JhIf3Ysf,2OqENqJFXPORP4BUGnu2Qq,2NQEwAVHBNcI0tGMLlWwF1,3GKdEPHUSBp3iNT4SG2Med,6PDLwWvgYNMfBRLqC1h5cJ,1bAftSH8umNcGZ0uyV7LMg,4I7D65YMlr6ZxVEGPb7q2K,1cA379ILgR07m7XQVXyP6Q,1fa0cOhromAZdq2xRA4vv8,2tFN9ubMXEhdAQvdQxcsma,26dSoYclwsYLMAKD3tpOr4,0FC1LIeQXKib0jOwZqeIwT,4tujQJicOnuZRLiBFdp3Ou,58hqTaCiqGrMsNmmm3qL7w,0t9IVyFGzH79wIFfhEXddQ,601893mmW5hl1FBOykWZHG,407nV5hO7mZap3UJdpTr4t,2gpSwxVIak9CbNeJh7QvWc,5QjWgYDeKNP2iPHTdTttnG
19,382aq8Pij5V2nE2JMHMoxl,7sgWBYtJpblXpJl2lU5WVs,0h0p7RkMjCUMdcf0nXmHjX,13y1zLuj38wQ2HtSSMa13M,1GlMjIezcLwV3OFlX0uXOv,0LyTHMstvqKiSoqdnnjqix,3UaEtP4pJGDhyEzy47AMzl,4Q6nIcaBED8qUel8bBx6Cr,3kf0gOpxWtkyeMNJVDQPtd,0EeQBlQJFiAfJeVN2vT9s0,5AEG63ajney2BoDXi0Vb84,2LmcxBak1alK1bf7d1beTr,3WaJSfKnzc65VDgmj2zU8B,,0Up8AZmXDecXiMirZhRLmw,29My6ypNwcVp0mjpy3sX2E,45rAZqRt5nUUMatQzk8qJu,2pHk4wAmL7ofTAuvCIUWtv,3S0tlB4fE7ChxI2pWz8Xip,5uLkZ7FWMTBUg1corQqdkR,5D7j3YOhscvrld2WzjSIpN,5X4LWwbUFNzPkEas04uU82,0BEI7i5sgUuivcfwXLzFmM,3K0BfjMh2dS8WITuiMuGGW,6gto7HVNhu4ARE3P3g8Y5Y,3KDXaImaYfNcLfhUKCrkBS,4qLiTGMBoVE95pmqJPseOU,4YkPXMsmFf3K2XFHPddqFU,27n0OqRGBxVZWoQMkf3QHD,59sBwR0jPSTrbMtuTkRPN5,3HBmytNNI4oWYLdUnWw15Y,1VgjAK52kjkQJQQRhTn02t,5zzrJD2jXrE9dZ1AklRFcL,7IiSLreTg1of8dDwxwiPw3,5aHlyw2WWqZW0HLICBuv7U,4NEYQeEYBUjfaXgDQGvFvu,2AZOALDIBORfbzKTuliwdJ,3hyEbRtp617pNCuuQjyOmc,0bSP8obSwEpc8XEOE7qc63,02Nbktg6lCJiazPM6YYTMz,4GWqzTTt2uA9Ms6HfUhWUn,0X2BH1fck6amBIoJhDVmmJ,6J7biCazzYhU3gM9j1wfid,03xKZpOUZOQjf7g5WBN4ee,5dHt1vcEm9qb8fCyLcB3HL,6hMNiBKUQFKpnZ7GTvLVZf,3jzXlBF2157k4exx7idecs,,2ajVJyxI4sHmTMtTA3ENko,1LFGVkNRmXz8jIkyPjaGNL,26OrZl5U3VNGHU9qUj8EcM,7ycsWk9ae4pTAlWH8j6Hf9,7kIbB1pdDyehFj8aNgfzfH,6rl53MP8HSoiugpqzA50Zh,2T94BUd6X8J1G5EfJj3hZr,2ERWeFslDVHB4E9pSSw845,0NIIxcxNHmOoyBx03SfTCD,5X4LWwbUFNzPkEas04uU82,0wOej91SVqB1zcYkW6xUtA,6veh5zbFpm31XsPdjBgPER,7r8RF1tN2A4CiGEplkp1oP,5KNqYrivNgVCHBssEUSu5B,3fS78kAWd9dVFyaPQ363YO,25tMQOrIU4LlUo6Sv8v5SE,2019zR22qK2RBvCqtudBaI,1dVygo6tRFXC8CSWURQJq2,5H1nN1SzW0qNeUEZvuXjAj,21dooacK2WGBB5amYvKyfM,3NyNPJaemMYsL14DK2tO01,3amwMyDd1uxTBoUZlazZ9m,6NyJIFHAePjHR1pFxwisqz,,2vuXYcTqreOLLnlKtMV5UG,0HkcYmcjrBR3SCw9Ld5VZk,3V7U1x0TRBn7spzHDQiZhi,12A83CWwFiyXy90ScLWPIe,1IxP1g9VrPzJqXFCsuyHKe,07lgEPGfoA4Lqos6YGYPDU,6ASri4ePR7RlsvIQgWPJpS,6U5QPaU2JpWfzInyd2g9zg,4NtCgQTnJh0sSI40PtVz1E,0FL2d6iFFNAV3yBUbXjZ1U,6vdMPayKk8YJxxeNP5oMCb,5P5FTygHyx2G57oszR3Wot,6bh228LGC3eAzbplPWV02r,5YZ5AExR68U3ZblH6HcO6B,1vqR17Iv8VFdzure1TAXEq,3rZBkgoRHG8M9jQL0QPNMi,54kCbQZaZWHnwwj9VP2hn4,3AHq6rutf72JF0ul8GB6G2,1XgFuvRd7r5g0h844A5ZUQ,2gsggkzM5R49q6jpPvazou,7J2lZBANizgPNfUzux31PV,6vbY3hOaCAhC7VjucswgdS,3Xt3RrJMFv5SZkCfUE8C1J,2WF98XZm8JxtzckaDNo056,46VWDbmWmzvPBTmkSr25gM,09xC3MewWz48F1OpYckXTZ,7vwpGdC4NswrFH2szqnzy3,6dJeKm76NjfXBNTpHmOhfO
